#INFO,,,,,,,,,,,,,,,,,,,,,,,,,,,,,,,,,,,,,,,,,,,,,,,,,,,,,,,,,,,,,,,,,,,,,
#Study name,Demo_Imotions,,,,,,,,,,,,,,,,,,,,,,,,,,,,,,,,,,,,,,,,,,,,,,,,,,,,,,,,,,,,,,,,,,,,
#Respondent Name,FACsgen_AU4_WF,Id: 78245bcf-2e66-4b97-a27f-37dc5fa97966,,,,,,,,,,,,,,,,,,,,,,,,,,,,,,,,,,,,,,,,,,,,,,,,,,,,,,,,,,,,,,,,,,,
#Respondent Age,0,,,,,,,,,,,,,,,,,,,,,,,,,,,,,,,,,,,,,,,,,,,,,,,,,,,,,,,,,,,,,,,,,,,,
#Respondent Gender,MALE,,,,,,,,,,,,,,,,,,,,,,,,,,,,,,,,,,,,,,,,,,,,,,,,,,,,,,,,,,,,,,,,,,,,
#Respondent Group,Default,,,,,,,,,,,,,,,,,,,,,,,,,,,,,,,,,,,,,,,,,,,,,,,,,,,,,,,,,,,,,,,,,,,,
#iMotions version,9.3.29697.0,,,,,,,,,,,,,,,,,,,,,,,,,,,,,,,,,,,,,,,,,,,,,,,,,,,,,,,,,,,,,,,,,,,,
#Current culture,en-IN English (India),File encoding: System.Text.UTF8Encoding,Date format: dd-MM-yyyy,,,,,,,,,,,,,,,,,,,,,,,,,,,,,,,,,,,,,,,,,,,,,,,,,,,,,,,,,,,,,,,,,,
#Recording time,Date: 22-03-2023,Time: 10:29:22.362 +01:00,Unix time: 1679477362,,,,,,,,,,,,,,,,,,,,,,,,,,,,,,,,,,,,,,,,,,,,,,,,,,,,,,,,,,,,,,,,,,
#Export time,Date: 22-03-2023,Time: 10:36:11.163 +01:00,,,,,,,,,,,,,,,,,,,,,,,,,,,,,,,,,,,,,,,,,,,,,,,,,,,,,,,,,,,,,,,,,,,
#Sensor info,Camera Emotient FACET, Manufacturer: Facet, Modality: Facial analysis(Emotient FACET), Facet version: 1, Latency: 0 milliseconds,,,,,,,,,,,,,,,,,,,,,,,,,,,,,,,,,,,,,,,,,,,,,,,,,,,,,,,,,,,,,,,,
#,,,,,,,,,,,,,,,,,,,,,,,,,,,,,,,,,,,,,,,,,,,,,,,,,,,,,,,,,,,,,,,,,,,,,
#METADATA,,,,,,,,,,,,,,,,,,,,,,,,,,,,,,,,,,,,,,,,,,,,,,,,,,,,,,,,,,,,,,,,,,,,,
#Device,,SlideEvents,SlideEvents,SlideEvents,SlideEvents,SlideEvents,SlideEvents,Camera Emotient FACET,Camera Emotient FACET,Camera Emotient FACET,Camera Emotient FACET,Camera Emotient FACET,Camera Emotient FACET,Camera Emotient FACET,Camera Emotient FACET,Camera Emotient FACET,Camera Emotient FACET,Camera Emotient FACET,Camera Emotient FACET,Camera Emotient FACET,Camera Emotient FACET,Camera Emotient FACET,Camera Emotient FACET,Camera Emotient FACET,Camera Emotient FACET,Camera Emotient FACET,Camera Emotient FACET,Camera Emotient FACET,Camera Emotient FACET,Camera Emotient FACET,Camera Emotient FACET,Camera Emotient FACET,Camera Emotient FACET,Camera Emotient FACET,Camera Emotient FACET,Camera Emotient FACET,Camera Emotient FACET,Camera Emotient FACET,Camera Emotient FACET,Camera Emotient FACET,Camera Emotient FACET,Camera Emotient FACET,Camera Emotient FACET,Camera Emotient FACET,Camera Emotient FACET,Camera Emotient FACET,Camera Emotient FACET,Camera Emotient FACET,Camera Emotient FACET,Camera Emotient FACET,Camera Emotient FACET,Camera Emotient FACET,Camera Emotient FACET,Camera Emotient FACET,Camera Emotient FACET,Camera Emotient FACET,Camera Emotient FACET,Camera Emotient FACET,Camera Emotient FACET,Camera Emotient FACET,Camera Emotient FACET,Camera Emotient FACET,Camera Emotient FACET,Camera Emotient FACET,Camera Emotient FACET,Camera Emotient FACET,Camera Emotient FACET,Camera Emotient FACET,Camera Emotient FACET
#Provided By,iMotions,iMotions,iMotions,iMotions,iMotions,iMotions,iMotions,iMotions,iMotions,Emotient,Emotient,Emotient,Emotient,Emotient,Emotient,Emotient,Emotient,Emotient,Emotient,Emotient,Emotient,Emotient,Emotient,Emotient,Emotient,Emotient,Emotient,Emotient,Emotient,Emotient,Emotient,Emotient,Emotient,Emotient,Emotient,Emotient,Emotient,Emotient,Emotient,Emotient,Emotient,Emotient,Emotient,Emotient,Emotient,Emotient,Emotient,Emotient,Emotient,Emotient,Emotient,Emotient,Emotient,Emotient,Emotient,Emotient,Emotient,Emotient,Emotient,Emotient,Emotient,Emotient,Emotient,Emotient,Emotient,Emotient,Emotient,Emotient,Emotient
#Category,Timestamp,Event Source,Slideshow,Slideshow,Slideshow,Slideshow,Slideshow,Event Source,Counter,FEA(Other),FEA(Other),FEA(Facebox),FEA(Facebox),FEA(Facebox),FEA(Facebox),FEA(Facebox),FEA(Emotions),FEA(Emotions),FEA(Emotions),FEA(Emotions),FEA(Emotions),FEA(Emotions),FEA(Emotions),FEA(Emotions),FEA(Emotions),FEA(Emotions),FEA(Emotions),FEA(Emotions),FEA(Action units),FEA(Action units),FEA(Action units),FEA(Action units),FEA(Action units),FEA(Action units),FEA(Action units),FEA(Action units),FEA(Action units),FEA(Action units),FEA(Action units),FEA(Action units),FEA(Action units),FEA(Action units),FEA(Action units),FEA(Action units),FEA(Action units),FEA(Action units),FEA(Action units),FEA(Action units),FEA(Facebox),FEA(Facebox),FEA(Head rotation),FEA(Head rotation),FEA(Head rotation),FEA(Landmarks),FEA(Landmarks),FEA(Landmarks),FEA(Landmarks),FEA(Landmarks),FEA(Landmarks),FEA(Landmarks),FEA(Landmarks),FEA(Landmarks),FEA(Landmarks),FEA(Landmarks),FEA(Landmarks),FEA(Landmarks),FEA(Landmarks),FEA(Landmarks),FEA(Landmarks)
#Description,iMotions synchronization timestamp. Relative to data recording start,Can be used to filter data from: SlideEvents,Slide & Media events: Start/Stop,Type of stimulus,Stimulus duration fx video length,Reason slide was changed,Name of stimulus,Can be used to filter data from: Camera Emotient FACET,,Video-frame count since start slide,Video-frame time since start slide,"The number of detected faces within the range of the facebox (1 = 'face detected', 0 = 'no face detected', -1 = 'face detected but not analyzed by facet')",X-coordinate of the upper-left corner of the facebox,Y-coordinate of the upper-left corner of the facebox,Width of the facebox relative to the upper-left corner (X-axis),Height of the facebox relative to the upper-left corner (Y-axis),Evidence that the face expresses joy,Evidence that the face expresses anger,Evidence that the face expresses surprise,Evidence that the face expresses fear,Evidence that the face expresses contempt,Evidence that the face expresses disgust,Evidence that the face expresses sadness,Evidence that the face expresses confusion,Evidence that the face expresses frustration,Evidence that the face expresses neutral emotions (Level 2 of the valence score),Evidence that the face expresses positive emotions (Level 1 of the valence score),Evidence that the face expresses negative emotions (Level 3 of the valence score),Evidence that the face shows inner brow raise (AU 1),Evidence that the face shows outer brow raise (AU 2),Evidence that the face shows brow lowering (AU 4),Evidence that the face shows upper lid raise (AU 5),Evidence that the face shows cheek raise (AU 6),Evidence that the face shows lid tightening (AU 7),Evidence that the face shows nose wrinkles (AU 9),Evidence that the face shows upper lip raise (AU 10),Evidence that the face shows lip corner pulling (AU 12),Evidence that the face shows dimples (AU 14),Evidence that the face shows lip corner lowering (AU 15),Evidence that the face shows cheek raise (AU 17),Evidence that the face shows lip pucking (AU 18),Evidence that the face shows lip stretching (AU 20),Evidence that the face shows lip tightening (AU 23),Evidence that the face shows lip pressing (AU 24),Evidence that the face shows lips parting (AU 25),Evidence that the face shows jaw drop (AU 26),Evidence that the face shows lip sucking (AU 28),Evidence that the face shows eye closure (AU 43),"Probability that the detected face is wearing glasses (1 = yes, 0 = no)","Probability that the detected face is male (1 = male, 0 = female)",Yaw (in Euler angles),Pitch (in Euler angles),Roll (in Euler angles),X-coordinate of the lateral point of the left eye,Y-coordinate of the lateral point of the left eye,X-coordinate of the pupil of the left eye,Y-coordinate of the pupil of the left eye,X-coordinate of the medial point of the left eye,Y-coordinate of the medial point of the left eye,X-coordinate of the medial point of the right eye,Y-coordinate of the medial point of the right eye,X-coordinate of the pupil of the right eye,Y-coordinate of the pupil of the right eye,X-coordinate of the lateral point of the right eye,Y-coordinate of the lateral point of the right eye,X-coordinate of tip of the nose,Y-coordinate of tip of the nose,Configuration of the 7 landmarks (X-coordinate),Configuration of the 7 landmarks (Y-coordinate)
#Unit,Millisecond,,,,Millisecond,,,,Index,Count,Miliseconds,Index,Pixel,Pixel,Pixel,Pixel,Index,Index,Index,Index,Index,Index,Index,Index,Index,Index,Index,Index,Index,Index,Index,Index,Index,Index,Index,Index,Index,Index,Index,Index,Index,Index,Index,Index,Index,Index,Index,Index,Index,Index,Degrees,Degrees,Degrees,Pixel,Pixel,Pixel,Pixel,Pixel,Pixel,Pixel,Pixel,Pixel,Pixel,Pixel,Pixel,Pixel,Pixel,Pixel,Pixel
#Short unit,ms,,,,ms,,,,,,,,,,,,,,,,,,,,,,,,,,,,,,,,,,,,,,,,,,,,,,,,,,,,,,,,,,,,,,,,
#Group,,Event Source,,,,,,Event Source,Other,Other,Other,Facebox,Facebox,Facebox,Facebox,Facebox,Emotions,Emotions,Emotions,Emotions,Emotions,Emotions,Emotions,Emotions,Emotions,Emotions,Emotions,Emotions,Action units,Action units,Action units,Action units,Action units,Action units,Action units,Action units,Action units,Action units,Action units,Action units,Action units,Action units,Action units,Action units,Action units,Action units,Action units,Action units,Facebox,Facebox,Head rotation,Head rotation,Head rotation,Landmarks,Landmarks,Landmarks,Landmarks,Landmarks,Landmarks,Landmarks,Landmarks,Landmarks,Landmarks,Landmarks,Landmarks,Landmarks,Landmarks,Landmarks,Landmarks
#Display name,,,,,,,,,,FrameNo,FrameTime,NoOfFaces,FaceRect X,FaceRect Y,FaceRect Width,FaceRect Height,Joy,Anger,Surprise,Fear,Contempt,Disgust,Sadness,Confusion,Frustration,Neutral,Positive,Negative,AU1,AU2,AU4,AU5,AU6,AU7,AU9,AU10,AU12,AU14,AU15,AU17,AU18,AU20,AU23,AU24,AU25,AU26,AU28,AU43,HasGlasses Probability,IsMale Probability,Yaw Degrees,Pitch Degrees,Roll Degrees,LEFT_EYE_LATERAL X,LEFT_EYE_LATERAL Y,LEFT_EYE_PUPIL X,LEFT_EYE_PUPIL Y,LEFT_EYE_MEDIAL X,LEFT_EYE_MEDIAL Y,RIGHT_EYE_MEDIAL X,RIGHT_EYE_MEDIAL Y,RIGHT_EYE_PUPIL X,RIGHT_EYE_PUPIL Y,RIGHT_EYE_LATERAL X,RIGHT_EYE_LATERAL Y,NOSE_TIP X,NOSE_TIP Y,7 X,7 Y
#Channel identifier,iMotions_Synchronization_Timestamp,Eventsource_Slideevents,SE_SlideEvent,SE_StimulusType,SE_Duration,SE_CollectionPhase,SE_SourceStimuliName,Eventsource_Camera_Emotient_FACET,Imotions_Sample_Counter_Camera,FEA_Other_Frameno,FEA_Other_Frametime,FEA_Facebox_Nooffaces,FEA_Facebox_Facerect_X,FEA_Facebox_Facerect_Y,FEA_Facebox_Facerect_Width,FEA_Facebox_Facerect_Height,FEA_Emotion_Joy,FEA_Emotion_Anger,FEA_Emotion_Surprise,FEA_Emotion_Fear,FEA_Emotion_Contempt,FEA_Emotion_Disgust,FEA_Emotion_Sadness,FEA_Emotion_Confusion,FEA_Emotion_Frustration,FEA_Emotion_Neutral,FEA_Emotion_Positive,FEA_Emotion_Negative,FEA_Actionunit_AU1,FEA_Actionunit_AU2,FEA_Actionunit_AU4,FEA_Actionunit_AU5,FEA_Actionunit_AU6,FEA_Actionunit_AU7,FEA_Actionunit_AU9,FEA_Actionunit_AU10,FEA_Actionunit_AU12,FEA_Actionunit_AU14,FEA_Actionunit_AU15,FEA_Actionunit_AU17,FEA_Actionunit_AU18,FEA_Actionunit_AU20,FEA_Actionunit_AU23,FEA_Actionunit_AU24,FEA_Actionunit_AU25,FEA_Actionunit_AU26,FEA_Actionunit_AU28,FEA_Actionunit_AU43,FEA_Facebox_Hasglasses_Probability,FEA_Facebox_Ismale_Probability,FEA_Headrotation_Yaw,FEA_Headrotation_Pitch,FEA_Headrotation_Roll,FEA_Landmark_Lefteyelateral_X,FEA_Landmark_Lefteyelateral_Y,FEA_Landmark_Lefteyepupil_X,FEA_Landmark_Lefteyepupil_Y,FEA_Landmark_Lefteyemedial_X,FEA_Landmark_Lefteyemedial_Y,FEA_Landmark_Righteyemedial_X,FEA_Landmark_Righteyemedial_Y,FEA_Landmark_Righteyepupil_X,FEA_Landmark_Righteyepupil_Y,FEA_Landmark_Righteyelateral_X,FEA_Landmark_Righteyelateral_Y,FEA_Landmark_Nosetip_X,FEA_Landmark_Nosetip_Y,FEA_Landmark_7_X,FEA_Landmark_7_Y
#,,,,,,,,,,,,,,,,,,,,,,,,,,,,,,,,,,,,,,,,,,,,,,,,,,,,,,,,,,,,,,,,,,,,,
#DATA,,,,,,,,,,,,,,,,,,,,,,,,,,,,,,,,,,,,,,,,,,,,,,,,,,,,,,,,,,,,,,,,,,,,,
Row,Timestamp,EventSource,SlideEvent,StimType,Duration,CollectionPhase,SourceStimuliName,EventSource,SampleNumber,FrameNo,FrameTime,NoOfFaces,FaceRect X,FaceRect Y,FaceRect Width,FaceRect Height,Joy,Anger,Surprise,Fear,Contempt,Disgust,Sadness,Confusion,Frustration,Neutral,Positive,Negative,AU1,AU2,AU4,AU5,AU6,AU7,AU9,AU10,AU12,AU14,AU15,AU17,AU18,AU20,AU23,AU24,AU25,AU26,AU28,AU43,HasGlasses Probability,IsMale Probability,Yaw Degrees,Pitch Degrees,Roll Degrees,LEFT_EYE_LATERAL X,LEFT_EYE_LATERAL Y,LEFT_EYE_PUPIL X,LEFT_EYE_PUPIL Y,LEFT_EYE_MEDIAL X,LEFT_EYE_MEDIAL Y,RIGHT_EYE_MEDIAL X,RIGHT_EYE_MEDIAL Y,RIGHT_EYE_PUPIL X,RIGHT_EYE_PUPIL Y,RIGHT_EYE_LATERAL X,RIGHT_EYE_LATERAL Y,NOSE_TIP X,NOSE_TIP Y,7 X,7 Y
1,0,1,StartSlide,TestImage,3000,StimuliDisplay,FaceRecording-1,,,,,,,,,,,,,,,,,,,,,,,,,,,,,,,,,,,,,,,,,,,,,,,,,,,,,,,,,,,,,,
2,0,1,StartMedia,TestImage,3000,StimuliDisplay,FaceRecording-1,,,,,,,,,,,,,,,,,,,,,,,,,,,,,,,,,,,,,,,,,,,,,,,,,,,,,,,,,,,,,,
3,40,,,,,,FaceRecording-1,1,,0,400000,1,29,256,496,496,-0.7736085057258606,-1.9308310747146606,-0.32123911380767822,0.33158195018768311,0.014066246338188648,-1.2871297597885132,-0.65890824794769287,-1.1558865308761597,-1.3694329261779785,1.0225193500518799,-0.7736085057258606,0.33158195018768311,0.96366232633590698,1.1296076774597168,-0.49139872193336487,0.73072528839111328,-1.0567629337310791,-0.51312673091888428,-3.3936958312988281,-1.5159131288528442,-1.4196528196334839,-0.99864047765731812,-1.4481484889984131,-1.4217349290847778,-1.6191380023956299,-0.40414300560951233,-2.3029382228851318,-1.2764642238616943,-1.7040363550186157,-1.633824348449707,-1.0539834499359131,1.8890259265899658,0.042157337069511414,0.37892216444015503,-4.1703643798828125,4.5217576026916504,-1.0610220432281494,145.48812866210938,391.4954833984375,0,0,225.40911865234375,404.323486328125,360.58837890625,402.84912109375,0,0,448.21395874023438,404.06341552734375,298.2508544921875,507.9273681640625,0,0
4,80,,,,,,FaceRecording-1,1,,1,800000,1,29,255,497,497,-0.72608441114425659,-1.9631069898605347,-0.34222185611724854,0.26823675632476807,0.017870612442493439,-1.281278133392334,-0.66420978307723999,-1.1622473001480103,-1.3850301504135132,1.0524990558624268,-0.72608441114425659,0.26823675632476807,0.96479976177215576,1.1147997379302979,-0.50388962030410767,0.71984702348709106,-1.0291070938110352,-0.49423173069953918,-3.4075448513031006,-1.5136417150497437,-1.4006094932556152,-0.99205935001373291,-1.4555020332336426,-1.4186393022537231,-1.6308727264404297,-0.40902656316757202,-2.3017330169677734,-1.2798123359680176,-1.7024897336959839,-1.6322752237319946,-1.0400307178497314,1.8857874870300293,0.042005937546491623,0.37715756893157959,-4.1948785781860352,4.5865330696105957,-1.037147045135498,145.50970458984375,391.57635498046875,0,0,225.6944580078125,403.73162841796875,361.01834106445313,402.8104248046875,0,0,448.36395263671875,403.9664306640625,298.59454345703125,508.2249755859375,0,0
5,120,,,,,,FaceRecording-1,1,,2,1200000,1,26,252,502,502,-0.74074393510818481,-1.9059733152389526,-0.5637238621711731,0.33099675178527832,-0.022000366821885109,-1.2636209726333618,-0.65648734569549561,-1.2280508279800415,-1.3706212043762207,1.0083388090133667,-0.74074393510818481,0.33099675178527832,0.82289087772369385,0.97356259822845459,-0.45591714978218079,0.93291997909545898,-0.9281272292137146,-0.48258030414581299,-3.5033860206604004,-1.5205140113830566,-1.443687915802002,-0.97060996294021606,-1.5238313674926758,-1.5458036661148071,-1.9162265062332153,-0.14993467926979065,-2.3012065887451172,-1.5074373483657837,-1.83599853515625,-1.7640765905380249,-1.3401678800582886,1.6194710731506348,0.049320332705974579,0.48600628972053528,-4.1668882369995117,4.9260048866271973,-1.2266472578048706,140.82568359375,390.1214599609375,0,0,225.05467224121094,403.3004150390625,366.08514404296875,397.0267333984375,0,0,444.805908203125,405.333251953125,298.231201171875,507.67007446289063,0,0
6,160,,,,,,FaceRecording-1,1,,3,1600000,1,26,255,500,500,-0.48873704671859741,-1.8234571218490601,-0.83037519454956055,0.021550070494413376,0.09724687784910202,-1.2599114179611206,-0.59148889780044556,-1.002415657043457,-1.1430904865264893,0.98527103662490845,-0.48873704671859741,0.09724687784910202,0.84931886196136475,0.88556426763534546,-0.50417917966842651,0.64701259136199951,-0.85475951433181763,-0.38961833715438843,-3.2882575988769531,-1.5522885322570801,-1.3461911678314209,-0.95510727167129517,-1.4890350103378296,-1.4373410940170288,-1.7514276504516602,-0.24601440131664276,-2.1394586563110352,-1.339092493057251,-1.8125402927398682,-1.7955024242401123,-1.1460750102996826,1.7910937070846558,0.055330242961645126,0.36236360669136047,-4.1547603607177734,4.8707690238952637,-1.0149844884872437,143.89462280273438,390.7974853515625,0,0,222.75624084472656,402.97760009765625,364.60650634765625,404.103515625,0,0,447.29867553710938,407.05718994140625,298.2230224609375,507.5826416015625,0,0
7,200,,,,,,FaceRecording-1,1,,4,2000000,1,26,255,499,499,-0.49960535764694214,-1.845947265625,-0.61992621421813965,0.46685677766799927,0.046393439173698425,-1.3004049062728882,-0.63169968128204346,-1.2036082744598389,-1.2212004661560059,0.80478817224502563,-0.49960535764694214,0.46685677766799927,0.93323451280593872,1.0691936016082764,-0.45632967352867126,0.89578914642333984,-0.95766311883926392,-0.40614661574363708,-3.4225013256072998,-1.5223979949951172,-1.3898085355758667,-0.9114459753036499,-1.5625149011611938,-1.4981954097747803,-1.8358888626098633,-0.1702522486448288,-2.246945858001709,-1.4058659076690674,-1.7291961908340454,-1.6828713417053223,-1.095609188079834,1.7586390972137451,0.052003528922796249,0.33627501130104065,-4.221735954284668,5.07110595703125,-0.99967664480209351,142.56401062011719,390.59579467773438,0,0,222.99443054199219,403.25030517578125,360.70355224609375,404.28558349609375,0,0,446.8438720703125,407.33172607421875,298.39630126953125,507.21551513671875,0,0
8,240,,,,,,FaceRecording-1,1,,5,2400000,1,27,260,490,490,-0.94237476587295532,-1.4664598703384399,-0.15264579653739929,1.1136336326599121,-0.10276270657777786,-1.4140055179595947,-0.96982330083847046,-1.4425728321075439,-1.3395048379898071,0.084030866622924805,-0.94237476587295532,1.1136336326599121,1.1156857013702393,1.3699278831481934,-0.31449148058891296,1.2567546367645264,-1.1073646545410156,-0.44231504201889038,-3.054102897644043,-1.1890826225280762,-1.28987717628479,-0.90045762062072754,-1.3040858507156372,-1.1583319902420044,-1.6468490362167358,0.060350555926561356,-1.9419407844543457,-1.3010594844818115,-1.4359394311904907,-1.4126936197280884,-1.1069339513778687,1.3966443538665771,0.043369937688112259,0.30117034912109375,-4.6807479858398438,4.5938553810119629,-0.74998772144317627,142.13882446289063,389.75222778320313,0,0,222.91909790039063,403.73382568359375,348.78887939453125,415.33554077148438,0,0,444.99765014648438,408.2806396484375,299.35592651367188,506.01998901367188,0,0
9,280,,,,,,FaceRecording-1,1,,6,2800000,1,24,253,504,504,-0.53662788867950439,-1.8924001455307007,-1.0885773897171021,-0.00039761979132890701,0.15327021479606628,-1.4643853902816772,-0.47512677311897278,-1.0773223638534546,-1.1284513473510742,1.0195074081420898,-0.53662788867950439,0.15327021479606628,0.80124622583389282,0.77483546733856201,-0.45447996258735657,0.73711329698562622,-0.88815999031066895,-0.45033586025238037,-3.4277358055114746,-1.5668227672576904,-1.3898392915725708,-0.9160003662109375,-1.5320391654968262,-1.4621678590774536,-1.7236815690994263,-0.031642157584428787,-2.127354621887207,-1.3332138061523438,-1.9457403421401978,-1.9066191911697388,-1.2292146682739258,1.6894955635070801,0.040165051817893982,0.3384818434715271,-4.9957056045532227,5.0096287727355957,-0.70319432020187378,141.87164306640625,391.70672607421875,0,0,223.01126098632813,403.62222290039063,365.52407836914063,396.80960083007813,0,0,448.25103759765625,414.32217407226563,300.21896362304688,506.9368896484375,0,0
10,320,,,,,,FaceRecording-1,1,,7,3200000,1,28,258,494,494,-0.56159090995788574,-1.8569724559783936,-0.60551953315734863,0.43733671307563782,0.092399641871452332,-1.4921603202819824,-0.58855754137039185,-1.2276502847671509,-1.2373336553573608,0.77350008487701416,-0.56159090995788574,0.43733671307563782,1.0387042760848999,1.0980683565139771,-0.39342907071113586,0.90042036771774292,-1.0750294923782349,-0.38892847299575806,-3.4022219181060791,-1.5829319953918457,-1.3329427242279053,-0.85691148042678833,-1.4427980184555054,-1.3189854621887207,-1.5572484731674194,-0.10350850969552994,-2.0597412586212158,-1.2294934988021851,-1.675432562828064,-1.6051446199417114,-0.96458679437637329,1.6580029726028442,0.039600443094968796,0.34982925653457642,-5.1685142517089844,4.6113314628601074,-0.52159053087234497,141.48638916015625,391.745361328125,0,0,225.2406005859375,402.67791748046875,359.3267822265625,406.919189453125,0,0,444.34234619140625,410.406005859375,299.50482177734375,506.20950317382813,0,0
11,360,,,,,,FaceRecording-1,1,,8,3600000,1,26,257,497,497,-0.47055202722549438,-1.8820228576660156,-0.63293075561523438,0.66464275121688843,0.032701149582862854,-1.5029468536376953,-0.61561429500579834,-1.3494025468826294,-1.2923061847686768,0.63327306509017944,-0.47055202722549438,0.66464275121688843,1.0098576545715332,1.1129899024963379,-0.37283098697662354,1.0627545118331909,-1.0829699039459229,-0.41297391057014465,-3.4561030864715576,-1.4729691743850708,-1.3241380453109741,-0.79712450504302979,-1.5478397607803345,-1.3911713361740112,-1.6464251279830933,0.040135487914085388,-2.1092896461486816,-1.2876852750778198,-1.6073523759841919,-1.5820076465606689,-0.97921806573867798,1.5151382684707642,0.040965776890516281,0.28411850333213806,-4.7839794158935547,4.9567408561706543,-0.67676389217376709,141.07710266113281,390.53485107421875,0,0,223.52574157714844,405.498291015625,360.40853881835938,407.49884033203125,0,0,445.62240600585938,411.09243774414063,299.48455810546875,505.99224853515625,0,0
12,400,,,,,,FaceRecording-1,1,,9,4000000,1,26,258,495,495,-0.25034430623054504,-1.8333061933517456,-0.6227911114692688,0.62091434001922607,0.11221589893102646,-1.5005102157592773,-0.59312516450881958,-1.2520781755447388,-1.2042785882949829,0.62274020910263062,-0.25034430623054504,0.62091434001922607,0.96299862861633301,1.0220515727996826,-0.349305659532547,0.97956335544586182,-1.0852271318435669,-0.41976228356361389,-3.3194863796234131,-1.4115464687347412,-1.2436342239379883,-0.71258538961410522,-1.5432112216949463,-1.3102401494979858,-1.6359283924102783,0.11055905371904373,-1.9752839803695679,-1.2157825231552124,-1.4950571060180664,-1.4989877939224243,-0.84986960887908936,1.5305945873260498,0.042742718011140823,0.31413349509239197,-5.269167423248291,5.2638354301452637,-0.71266347169876099,140.31619262695313,391.88885498046875,0,0,223.89183044433594,403.39877319335938,359.41860961914063,410.9534912109375,0,0,445.0567626953125,412.4293212890625,300.98251342773438,505.36456298828125,0,0
13,440,,,,,,FaceRecording-1,1,,10,4400000,1,24,253,503,503,-1.0854865312576294,-1.4683454036712646,-0.55769449472427368,0.82464051246643066,-0.22555723786354065,-1.4750921726226807,-0.65865480899810791,-0.95374017953872681,-1.1441650390625,0.596793532371521,-1.0854865312576294,0.82464051246643066,0.68244844675064087,0.75719958543777466,-0.15722577273845673,1.2435946464538574,-1.1028200387954712,-0.53116875886917114,-3.4604010581970215,-1.4336645603179932,-1.5134868621826172,-0.91365635395050049,-1.5496065616607666,-1.5431618690490723,-1.7675372362136841,0.04176543653011322,-2.1669652462005615,-1.4629985094070435,-1.7653135061264038,-1.6469796895980835,-1.5352894067764282,1.473552942276001,0.048054330050945282,0.36742693185806274,-5.0125207901000977,6.1775727272033691,-0.90541338920593262,138.17292785644531,392.03900146484375,0,0,222.51298522949219,402.91958618164063,364.9285888671875,405.483642578125,0,0,445.05850219726563,404.9893798828125,300.58157348632813,505.6572265625,0,0
14,480,,,,,,FaceRecording-1,1,,11,4800000,1,29,258,494,494,-0.6581045389175415,-1.5068738460540771,-0.86424845457077026,0.23112937808036804,0.11226250231266022,-1.4412397146224976,-0.50074636936187744,-0.77363836765289307,-0.84410679340362549,0.80078268051147461,-0.6581045389175415,0.23112937808036804,0.72113782167434692,0.75509577989578247,-0.20545750856399536,0.79380708932876587,-1.0312150716781616,-0.41120466589927673,-3.1177301406860352,-1.5811530351638794,-1.3796639442443848,-0.85231024026870728,-1.3723001480102539,-1.3309932947158813,-1.55352783203125,0.047008801251649857,-1.9051456451416016,-1.2323280572891235,-1.562076210975647,-1.4442048072814941,-0.92782282829284668,1.6559518575668335,0.067832827568054199,0.2967572808265686,-4.3451261520385742,5.9171133041381836,-1.1722829341888428,144.39688110351563,392.45700073242188,0,0,225.99565124511719,401.28280639648438,362.97140502929688,406.84246826171875,0,0,445.80062866210938,413.65234375,299.84213256835938,506.575927734375,0,0
15,520,,,,,,FaceRecording-1,1,,12,5200000,1,28,257,498,498,-0.56317138671875,-1.4723330736160278,-0.89772403240203857,0.28575697541236877,0.077108211815357208,-1.4156322479248047,-0.45212402939796448,-0.72078311443328857,-0.79329168796539307,0.77883648872375488,-0.56317138671875,0.28575697541236877,0.67664718627929688,0.61964327096939087,-0.19395028054714203,0.73678028583526611,-1.0630830526351929,-0.52619552612304688,-3.1550490856170654,-1.4863626956939697,-1.3579597473144531,-0.73402541875839233,-1.4694429636001587,-1.4136142730712891,-1.5975494384765625,0.083988718688488007,-2.0190379619598389,-1.221096396446228,-1.7211719751358032,-1.5966963768005371,-0.89677619934082031,1.6905984878540039,0.061731614172458649,0.32210111618041992,-4.2472939491271973,4.7783045768737793,-1.1333770751953125,144.64434814453125,392.44583129882813,0,0,227.19923400878906,401.54534912109375,363.11572265625,410.03643798828125,0,0,449.22280883789063,409.5511474609375,298.98504638671875,509.41952514648438,0,0
16,560,,,,,,FaceRecording-1,1,,13,5600000,1,26,256,501,501,-0.36985665559768677,-1.2696436643600464,-1.3773552179336548,-0.048070922493934631,0.055468130856752396,-1.3102567195892334,-0.34430938959121704,-0.30742368102073669,-0.48027366399765015,0.60318893194198608,-0.36985665559768677,0.055468130856752396,0.59548908472061157,0.28581371903419495,-0.07616964727640152,0.38501545786857605,-0.89503389596939087,-0.53468805551528931,-2.9106507301330566,-1.4575513601303101,-1.3222669363021851,-0.75966084003448486,-1.4990023374557495,-1.3698508739471436,-1.7084847688674927,0.2390536367893219,-1.962333083152771,-1.2574787139892578,-1.5938282012939453,-1.622291088104248,-0.99142390489578247,1.8276998996734619,0.064387373626232147,0.3617803156375885,-4.3747448921203613,5.4016976356506348,-0.8079192042350769,144.77423095703125,390.91595458984375,0,0,226.29501342773438,401.45263671875,363.63864135742188,410.95059204101563,0,0,450.40005493164063,409.28961181640625,298.63934326171875,509.26849365234375,0,0
17,600,,,,,,FaceRecording-1,1,,14,6000000,1,27,256,499,499,-0.72019374370574951,-1.0307021141052246,-1.2741183042526245,0.017705962061882019,-0.11384782195091248,-1.1637853384017944,-0.19434523582458496,0.068844668567180634,-0.29518309235572815,0.56350839138031006,-0.72019374370574951,0.017705962061882019,0.55312556028366089,0.15463170409202576,0.035890914499759674,0.25809934735298157,-0.92045575380325317,-0.49228671193122864,-2.8256750106811523,-1.4737395048141479,-1.4282053709030151,-0.82058948278427124,-1.4896985292434692,-1.4218065738677979,-1.5699081420898438,-0.042680136859416962,-2.0353717803955078,-1.3359904289245605,-1.5018298625946045,-1.4386879205703735,-1.1021003723144531,1.8497432470321655,0.069092698395252228,0.41147679090499878,-4.8629379272460938,6.4870357513427734,-0.90656471252441406,143.5548095703125,392.42263793945313,0,0,224.54704284667969,401.6396484375,364.796630859375,408.28277587890625,0,0,448.58609008789063,410.46270751953125,300.46878051757813,505.27459716796875,0,0
18,640,,,,,,FaceRecording-1,1,,15,6400000,1,29,257,497,497,-0.82563298940658569,-0.86885392665863037,-1.0611205101013184,0.29851928353309631,-0.1657511293888092,-1.0891504287719727,-0.22902755439281464,0.0970563143491745,-0.24233755469322205,0.53807252645492554,-0.82563298940658569,0.29851928353309631,0.48546826839447021,0.17225919663906097,0.056206360459327698,0.36169695854187012,-1.0504201650619507,-0.55336189270019531,-2.9239165782928467,-1.4493762254714966,-1.4511014223098755,-0.84032303094863892,-1.4490646123886108,-1.4152023792266846,-1.5175625085830688,-0.099769219756126404,-2.0175678730010986,-1.3109657764434814,-1.4700734615325928,-1.3849025964736938,-1.0386617183685303,1.7619699239730835,0.077213563024997711,0.51338154077529907,-5.0736665725708008,6.4378876686096191,-0.66189342737197876,143.91769409179688,391.80966186523438,0,0,224.86888122558594,403.808837890625,366.68423461914063,409.38946533203125,0,0,446.52163696289063,407.84228515625,300.55697631835938,506.392822265625,0,0
19,680,,,,,,FaceRecording-1,1,,16,6800000,1,29,257,496,496,-0.90176248550415039,-0.62286359071731567,-1.202521800994873,0.12119664251804352,-0.21399989724159241,-0.97883015871047974,-0.29529333114624023,0.34726199507713318,0.013697363436222076,0.39262744784355164,-0.90176248550415039,0.12119664251804352,0.31436553597450256,-0.050849463790655136,0.073448322713375092,0.14573115110397339,-1.1203851699829102,-0.60052657127380371,-2.8942186832427979,-1.4949390888214111,-1.5034710168838501,-0.90603232383728027,-1.496401309967041,-1.4700398445129395,-1.5312002897262573,-0.10552625358104706,-2.0881149768829346,-1.4289299249649048,-1.4776566028594971,-1.4527872800827026,-1.2282449007034302,1.8943737745285034,0.059464652091264725,0.48765429854393005,-5.7718944549560547,6.1238842010498047,-0.4862065315246582,142.3919677734375,393.29571533203125,0,0,225.51828002929688,401.0361328125,367.0804443359375,409.186279296875,0,0,444.74905395507813,408.51678466796875,300.96621704101563,505.03204345703125,0,0
20,720,,,,,,FaceRecording-1,1,,17,7200000,1,29,256,499,499,-0.9822545051574707,-0.39941608905792236,-1.4397093057632446,-0.40975016355514526,-0.24551858007907867,-0.88268494606018066,-0.43434694409370422,0.68332034349441528,0.26360532641410828,0.51088482141494751,-0.9822545051574707,-0.24551858007907867,0.025949399918317795,-0.36012426018714905,0.055115848779678345,-0.04412001371383667,-1.1297420263290405,-0.57442998886108398,-2.8414833545684814,-1.4210971593856812,-1.556759238243103,-0.96754306554794312,-1.5293124914169312,-1.4816009998321533,-1.641470193862915,-0.28391334414482117,-2.2071473598480225,-1.5001950263977051,-1.7074925899505615,-1.6435333490371704,-1.5356374979019165,1.8333454132080078,0.067013472318649292,0.39726319909095764,-5.5210576057434082,5.7308750152587891,-0.23471999168395996,142.09538269042969,393.14227294921875,0,0,224.64228820800781,402.92544555664063,368.32669067382813,409.47955322265625,0,0,445.37234497070313,403.30743408203125,301.0859375,504.7490234375,0,0
21,760,,,,,,FaceRecording-1,1,,18,7600000,1,29,258,499,499,-1.0643144845962524,-0.34772294759750366,-1.4536267518997192,-0.34781476855278015,-0.23861634731292725,-0.91186672449111938,-0.37551847100257874,0.73908424377441406,0.2860390841960907,0.42502760887145996,-1.0643144845962524,-0.23861634731292725,0.22155231237411499,-0.19579094648361206,0.085275821387767792,0.0086969584226608276,-1.0784004926681519,-0.57565271854400635,-2.8463747501373291,-1.3692957162857056,-1.5319919586181641,-0.92931270599365234,-1.5888164043426514,-1.4739823341369629,-1.616108775138855,-0.29238274693489075,-2.2148241996765137,-1.4249017238616943,-1.6857866048812866,-1.7293840646743774,-1.4632002115249634,2.0129387378692627,0.037024691700935364,0.40937769412994385,-5.0307416915893555,5.9122090339660645,-0.19162699580192566,141.57989501953125,396.07830810546875,0,0,225.49412536621094,403.3048095703125,365.7532958984375,416.28533935546875,0,0,448.36166381835938,404.74359130859375,302.00588989257813,504.32891845703125,0,0
22,800,,,,,,FaceRecording-1,1,,19,8000000,1,28,258,497,497,-1.1004543304443359,-0.36651024222373962,-1.5968637466430664,-0.37230142951011658,-0.2402912974357605,-1.0280228853225708,-0.37032628059387207,0.80353796482086182,0.35801783204078674,0.37149584293365479,-1.1004543304443359,-0.2402912974357605,0.28613707423210144,-0.18690763413906097,0.12060867249965668,-0.061748169362545013,-1.1347119808197021,-0.54154402017593384,-2.8647282123565674,-1.3544156551361084,-1.6045734882354736,-0.94453239440917969,-1.5725452899932861,-1.4439530372619629,-1.4191935062408447,-0.25380188226699829,-2.1690006256103516,-1.3935766220092773,-1.6457208395004272,-1.6409758329391479,-1.5351299047470093,1.8892656564712524,0.034046836197376251,0.49247485399246216,-5.5520038604736328,6.5135622024536133,-0.048916943371295929,140.38595581054688,395.34573364257813,0,0,226.56193542480469,403.80014038085938,357.54507446289063,421.01824951171875,0,0,448.88394165039063,399.77352905273438,299.86087036132813,504.89849853515625,0,0
23,840,,,,,,FaceRecording-1,1,,20,8400000,1,24,256,504,504,-1.2520140409469604,0.0021494096145033836,-1.4886693954467773,-0.0076077268458902836,-0.37272220849990845,-0.9424481987953186,-0.33411622047424316,0.76244759559631348,0.40362939238548279,0.27380797266960144,-1.2520140409469604,0.0021494096145033836,0.031252272427082062,-0.433167964220047,0.30246669054031372,0.55481666326522827,-1.1115072965621948,-0.51391851902008057,-3.0786106586456299,-1.3332729339599609,-1.737318754196167,-1.0579488277435303,-1.9213367700576782,-1.7276568412780762,-1.6571142673492432,-0.13412028551101685,-2.3292636871337891,-1.6958987712860107,-1.867688775062561,-2.1146211624145508,-2.1607773303985596,1.1810648441314697,0.036083091050386429,0.45941418409347534,-5.5995035171508789,6.7374606132507324,0.017011113464832306,136.20538330078125,395.13967895507813,0,0,224.30874633789063,403.95455932617188,358.04055786132813,421.20513916015625,0,0,449.19528198242188,400.625244140625,300.13162231445313,505.1591796875,0,0
24,880,,,,,,FaceRecording-1,1,,21,8800000,1,27,258,500,500,-1.1334719657897949,-0.06297718733549118,-1.2774815559387207,0.0083013474941253662,-0.27787411212921143,-0.95240557193756104,-0.41034254431724548,0.80392098426818848,0.4216022789478302,0.33583095669746399,-1.1334719657897949,0.0083013474941253662,0.066427521407604218,-0.33787927031517029,0.24828575551509857,0.36991319060325623,-1.1016062498092651,-0.54471272230148315,-2.9772775173187256,-1.3507330417633057,-1.6574376821517944,-0.91955596208572388,-1.9011774063110352,-1.6740368604660034,-1.4909552335739136,-0.31485375761985779,-2.3220617771148682,-1.6272624731063843,-1.8018912076950073,-1.8840663433074951,-1.9318816661834717,1.4823727607727051,0.03427433967590332,0.55853015184402466,-5.4270434379577637,6.7860250473022461,-0.17424051463603973,138.63786315917969,396.262939453125,0,0,224.35604858398438,403.51123046875,357.97232055664063,421.961181640625,0,0,447.40853881835938,397.3385009765625,300.30282592773438,504.94305419921875,0,0
25,920,,,,,,FaceRecording-1,1,,22,9200000,1,26,257,500,500,-1.2126390933990479,-0.14531923830509186,-1.3027297258377075,-0.086793042719364166,-0.30968382954597473,-0.92570370435714722,-0.2508639395236969,0.90388023853302002,0.34683039784431458,0.30786612629890442,-1.2126390933990479,-0.086793042719364166,0.18504899740219116,-0.31301721930503845,0.33172956109046936,0.21321567893028259,-1.1306023597717285,-0.64687663316726685,-2.9576938152313232,-1.3017654418945313,-1.6671619415283203,-0.84135740995407104,-1.8643059730529785,-1.639752984046936,-1.3962266445159912,-0.30194762349128723,-2.3676073551177979,-1.5397388935089111,-1.784265398979187,-1.8952443599700928,-1.8894768953323364,1.5571681261062622,0.034441422671079636,0.56632351875305176,-5.2139420509338379,7.1608433723449707,-0.042310003191232681,138.00611877441406,396.17098999023438,0,0,222.63420104980469,403.64071655273438,356.85317993164063,420.97979736328125,0,0,444.89578247070313,394.29721069335938,300.07192993164063,508.06427001953125,0,0
26,960,,,,,,FaceRecording-1,1,,23,9600000,1,27,258,499,499,-1.1786748170852661,-0.072605177760124207,-1.2759038209915161,-0.1003236323595047,-0.30888989567756653,-0.90962165594100952,-0.28713732957839966,0.96642166376113892,0.43439793586730957,0.25648823380470276,-1.1786748170852661,-0.072605177760124207,0.19612731039524078,-0.32628998160362244,0.33756369352340698,0.15862700343132019,-1.11335289478302,-0.62172460556030273,-2.8944933414459229,-1.2706772089004517,-1.6371010541915894,-0.81127059459686279,-1.8470399379730225,-1.607417106628418,-1.343222975730896,-0.28018993139266968,-2.358206033706665,-1.5088385343551636,-1.7839524745941162,-1.8633327484130859,-1.7828946113586426,1.6510958671569824,0.035170838236808777,0.56621807813644409,-5.2450041770935059,7.0255446434020996,-0.072957441210746765,137.7933349609375,396.45361328125,0,0,223.55091857910156,403.236083984375,355.70709228515625,424.23629760742188,0,0,444.11160278320313,392.90298461914063,299.95654296875,508.00942993164063,0,0
27,1000,,,,,,FaceRecording-1,1,,24,10000000,1,26,257,500,500,-1.1940094232559204,0.15039785206317902,-1.6193563938140869,-0.0017279365565627813,-0.35887396335601807,-1.0337909460067749,-0.50611287355422974,0.88636147975921631,0.64330488443374634,0.12375373393297195,-1.1940094232559204,0.15039785206317902,-0.072299130260944366,-0.47992151975631714,0.30280506610870361,0.56376159191131592,-1.2037649154663086,-0.48239237070083618,-2.9894852638244629,-1.3900488615036011,-1.697136402130127,-0.93923801183700562,-1.8690769672393799,-1.6331449747085571,-1.5104186534881592,-0.0049959765747189522,-2.3229947090148926,-1.5843030214309692,-1.8057944774627686,-1.9726340770721436,-1.8019587993621826,1.3600702285766602,0.033635959029197693,0.53773880004882813,-5.132723331451416,6.4877986907958984,-0.012896490283310413,141.05268859863281,395.18157958984375,0,0,221.05601501464844,402.899169921875,360.47817993164063,417.35284423828125,0,0,447.73226928710938,403.421142578125,300.63778686523438,506.1480712890625,0,0
28,1040,,,,,,FaceRecording-1,1,,25,10400000,1,27,257,499,499,-1.1755862236022949,0.1475776880979538,-1.512015700340271,-0.063685677945613861,-0.35491254925727844,-0.88738542795181274,-0.4551432728767395,0.95791566371917725,0.59392356872558594,0.1742720901966095,-1.1755862236022949,0.1475776880979538,-0.084338262677192688,-0.50904256105422974,0.30655324459075928,0.44816306233406067,-1.1543076038360596,-0.49346894025802612,-2.8850102424621582,-1.2967886924743652,-1.6957782506942749,-0.96313780546188354,-1.8461298942565918,-1.6542037725448608,-1.5484645366668701,-0.11662250012159348,-2.4093775749206543,-1.6329994201660156,-1.7898198366165161,-1.9153945446014404,-1.8952374458312988,1.434434175491333,0.034340891987085342,0.54204869270324707,-5.1098194122314453,6.5394792556762695,-0.016381403431296349,141.09808349609375,395.11227416992188,0,0,221.78662109375,402.71502685546875,359.86898803710938,419.09768676757813,0,0,446.8214111328125,399.78982543945313,301.1795654296875,506.578125,0,0
29,1080,,,,,,FaceRecording-1,1,,26,10800000,1,26,257,500,500,-1.2599737644195557,0.10030630975961685,-1.7214486598968506,-0.15261459350585938,-0.37757730484008789,-0.99991172552108765,-0.524819016456604,0.95166170597076416,0.64298820495605469,0.17412295937538147,-1.2599737644195557,0.10030630975961685,-0.060342691838741302,-0.48821693658828735,0.3012930154800415,0.44472596049308777,-1.1766351461410522,-0.49255666136741638,-2.9416182041168213,-1.340907096862793,-1.7081682682037354,-0.9734654426574707,-1.8755722045898438,-1.6442992687225342,-1.490459680557251,-0.002606608672067523,-2.3752892017364502,-1.582844614982605,-1.7879256010055542,-1.9631167650222778,-1.8442628383636475,1.4377807378768921,0.034338489174842834,0.54138314723968506,-5.1168947219848633,6.5326995849609375,-0.010675576515495777,140.97775268554688,395.19674682617188,0,0,222.07366943359375,402.81146240234375,360.3172607421875,417.86572265625,0,0,448.13870239257813,403.03488159179688,301.26007080078125,506.34210205078125,0,0
30,1120,,,,,,FaceRecording-1,1,,27,11200000,1,26,257,501,501,-1.235835075378418,0.11897680908441544,-1.6412509679794312,-0.045752361416816711,-0.37325268983840942,-0.99356538057327271,-0.50805145502090454,0.9048348069190979,0.60939997434616089,0.16528137028217316,-1.235835075378418,0.11897680908441544,-0.065128318965435028,-0.47454550862312317,0.30198433995246887,0.52994769811630249,-1.1715271472930908,-0.49220439791679382,-2.9897205829620361,-1.3503670692443848,-1.7070422172546387,-0.96950191259384155,-1.8845938444137573,-1.664793848991394,-1.5366030931472778,-0.011191945523023605,-2.3651814460754395,-1.6038820743560791,-1.8056068420410156,-1.9895129203796387,-1.8771804571151733,1.3640851974487305,0.034390881657600403,0.53946542739868164,-5.1174712181091309,6.5483636856079102,-0.0048828264698386192,140.94525146484375,395.48147583007813,0,0,221.96348571777344,402.86660766601563,360.46136474609375,417.56646728515625,0,0,448.17501831054688,403.02545166015625,300.7093505859375,506.5166015625,0,0
31,1160,,,,,,FaceRecording-1,1,,28,11600000,1,25,258,503,503,-1.3284283876419067,0.13103407621383667,-1.345294713973999,0.022207317873835564,-0.42064830660820007,-0.94614678621292114,-0.43748834729194641,0.88905173540115356,0.49534329771995544,0.25823512673377991,-1.3284283876419067,0.13103407621383667,0.039760004729032516,-0.32253831624984741,0.3157753050327301,0.65611398220062256,-1.1468757390975952,-0.5499609112739563,-3.0511388778686523,-1.1947793960571289,-1.7238960266113281,-1.0456311702728271,-1.8518749475479126,-1.6946817636489868,-1.7524644136428833,-0.090827092528343201,-2.3509852886199951,-1.6201261281967163,-1.8511474132537842,-2.061269998550415,-2.0571844577789307,1.2247555255889893,0.03793630376458168,0.47120827436447144,-5.2217750549316406,6.9405303001403809,0.11916165798902512,138.27474975585938,398.60018920898438,0,0,222.54008483886719,405.50323486328125,360.34542846679688,417.79388427734375,0,0,449.26654052734375,405.61251831054688,300.55096435546875,505.85342407226563,0,0
32,1200,,,,,,FaceRecording-1,1,,29,12000000,1,26,259,500,500,-1.1622002124786377,0.18268418312072754,-1.5421980619430542,-0.0040562399663031101,-0.33921912312507629,-0.94579625129699707,-0.30988207459449768,1.0320059061050415,0.64435654878616333,0.11324641853570938,-1.1622002124786377,0.18268418312072754,0.079164721071720123,-0.4014066755771637,0.39316931366920471,0.45667979121208191,-1.1128083467483521,-0.52952146530151367,-2.8679730892181396,-1.2604466676712036,-1.6670247316360474,-0.9227287769317627,-1.8069909811019897,-1.6308697462081909,-1.649408221244812,-0.11640187352895737,-2.3827757835388184,-1.5938459634780884,-1.8952171802520752,-2.046483039855957,-1.888142466545105,1.3880394697189331,0.036837264895439148,0.54866063594818115,-5.3138995170593262,7.0110626220703125,-0.0096150785684585571,139.157958984375,396.38754272460938,0,0,222.98574829101563,404.617431640625,356.66204833984375,422.0465087890625,0,0,446.86578369140625,399.12628173828125,300.406982421875,507.8399658203125,0,0
33,1240,,,,,,FaceRecording-1,1,,30,12400000,1,27,259,499,499,-1.1595889329910278,0.17385151982307434,-1.5256533622741699,0.0079123284667730331,-0.34576568007469177,-0.9251134991645813,-0.30427035689353943,1.0213650465011597,0.62814414501190186,0.10352640599012375,-1.1595889329910278,0.17385151982307434,0.074495457112789154,-0.40233352780342102,0.3875756561756134,0.46569296717643738,-1.1188695430755615,-0.51721328496932983,-2.8653957843780518,-1.2604374885559082,-1.6733893156051636,-0.92693841457366943,-1.7993643283843994,-1.6319636106491089,-1.6523441076278687,-0.11593952775001526,-2.3889470100402832,-1.6102699041366577,-1.8711240291595459,-2.0121433734893799,-1.8870769739151001,1.3871170282363892,0.036806065589189529,0.54799985885620117,-5.3195266723632813,7.0164804458618164,-0.013434239663183689,139.23291015625,396.3516845703125,0,0,223.03578186035156,404.5263671875,356.37039184570313,421.56341552734375,0,0,446.77215576171875,399.10586547851563,300.35653686523438,507.66473388671875,0,0
34,1280,,,,,,FaceRecording-1,1,,31,12800000,1,28,259,497,497,-1.2982498407363892,0.069966517388820648,-1.1920087337493896,-0.083631008863449097,-0.37870433926582336,-0.91106557846069336,-0.29447022080421448,1.1229877471923828,0.53391546010971069,0.16734856367111206,-1.2982498407363892,0.069966517388820648,0.2233639657497406,-0.31594023108482361,0.40526500344276428,0.18610058724880219,-1.1373084783554077,-0.56960582733154297,-2.8181123733520508,-1.2613236904144287,-1.653265118598938,-0.83798736333847046,-1.859022855758667,-1.6173611879348755,-1.3379712104797363,-0.36171615123748779,-2.4028780460357666,-1.5412712097167969,-1.7519950866699219,-1.8184688091278076,-1.819872260093689,1.6450591087341309,0.036730509251356125,0.54990857839584351,-5.3112468719482422,7.0089497566223145,-0.011845250613987446,139.26858520507813,396.30743408203125,0,0,223.06257629394531,404.53216552734375,356.42245483398438,421.60162353515625,0,0,444.25210571289063,394.85186767578125,300.58740234375,507.8807373046875,0,0
35,1320,,,,,,FaceRecording-1,1,,32,13200000,1,27,259,499,499,-1.150220513343811,0.16906154155731201,-1.5081652402877808,0.0096123870462179184,-0.33442822098731995,-0.93504947423934937,-0.30455395579338074,1.0233465433120728,0.63221257925033569,0.11032593250274658,-1.150220513343811,0.16906154155731201,0.089937791228294373,-0.38703390955924988,0.38328850269317627,0.45446318387985229,-1.1223945617675781,-0.52379328012466431,-2.8582077026367188,-1.2543120384216309,-1.6702520847320557,-0.92050671577453613,-1.7843600511550903,-1.623213529586792,-1.6472404003143311,-0.12076681852340698,-2.3835732936859131,-1.6002156734466553,-1.8649919033050537,-1.9975494146347046,-1.8632911443710327,1.4098886251449585,0.036612316966056824,0.54938071966171265,-5.2979941368103027,6.9929943084716797,-0.0024288357235491276,139.24659729003906,396.369873046875,0,0,222.96098327636719,404.69595336914063,356.32052612304688,421.78033447265625,0,0,446.73388671875,399.14108276367188,300.56414794921875,507.5302734375,0,0
36,1360,,,,,,FaceRecording-1,1,,33,13600000,1,27,259,499,499,-1.1906070709228516,0.14148804545402527,-1.5061733722686768,0.09566594660282135,-0.35485315322875977,-0.96992737054824829,-0.32304114103317261,0.96038663387298584,0.58272993564605713,0.12409678846597672,-1.1906070709228516,0.14148804545402527,0.076223380863666534,-0.36121562123298645,0.3901594877243042,0.54517471790313721,-1.1558597087860107,-0.52809768915176392,-2.9332075119018555,-1.2911375761032104,-1.6872234344482422,-0.94285798072814941,-1.8292595148086548,-1.6498234272003174,-1.6412672996520996,-0.059792473912239075,-2.3894662857055664,-1.6102221012115479,-1.8527066707611084,-2.0022673606872559,-1.8762191534042358,1.348774790763855,0.036610119044780731,0.55221098661422729,-5.2981433868408203,7.0204010009765625,-0.0047265323810279369,139.32087707519531,396.27969360351563,0,0,223.81341552734375,403.771240234375,356.61776733398438,422.17300415039063,0,0,446.72381591796875,399.35824584960938,300.5570068359375,508.0050048828125,0,0
37,1400,,,,,,FaceRecording-1,1,,34,14000000,1,27,259,499,499,-1.1689876317977905,0.14828695356845856,-1.4451851844787598,0.03071758896112442,-0.31964167952537537,-0.95421808958053589,-0.34585601091384888,1.004496693611145,0.60876971483230591,0.14604398608207703,-1.1689876317977905,0.14828695356845856,0.091834604740142822,-0.35389390587806702,0.3681776225566864,0.45741987228393555,-1.1497718095779419,-0.53456157445907593,-2.8623239994049072,-1.2492846250534058,-1.6735681295394897,-0.92629969120025635,-1.7831934690475464,-1.6094036102294922,-1.6138741970062256,-0.13510426878929138,-2.3831691741943359,-1.578361988067627,-1.8547565937042236,-1.9633954763412476,-1.8362133502960205,1.4356807470321655,0.036360334604978561,0.55323529243469238,-5.3101468086242676,7.0215620994567871,-0.0098292920738458633,139.252685546875,396.31552124023438,0,0,224.53392028808594,404.5965576171875,356.54025268554688,421.21685791015625,0,0,446.95269775390625,399.42007446289063,300.61587524414063,507.86520385742188,0,0
38,1440,,,,,,FaceRecording-1,1,,35,14400000,1,27,259,499,499,-1.1920075416564941,0.15781274437904358,-1.4517415761947632,0.032164763659238815,-0.32678839564323425,-0.95209556818008423,-0.34187531471252441,1.0175867080688477,0.61522489786148071,0.14085483551025391,-1.1920075416564941,0.15781274437904358,0.097357481718063354,-0.3565889298915863,0.372966468334198,0.44216600060462952,-1.1522053480148315,-0.53932428359985352,-2.8500018119812012,-1.2353341579437256,-1.6737066507339478,-0.92584675550460815,-1.772691011428833,-1.6043181419372559,-1.6039096117019653,-0.13782124221324921,-2.3779888153076172,-1.5723139047622681,-1.8437074422836304,-1.9591213464736938,-1.839326024055481,1.4435125589370728,0.036321807652711868,0.5548517107963562,-5.3085060119628906,7.0259013175964355,-0.0070274686440825462,139.25845336914063,396.3367919921875,0,0,224.53062438964844,404.63931274414063,356.5579833984375,421.232421875,0,0,446.8548583984375,399.5169677734375,300.70303344726563,508.00930786132813,0,0
39,1480,,,,,,FaceRecording-1,1,,36,14800000,1,27,259,499,499,-1.1759856939315796,0.14965361356735229,-1.4458713531494141,0.00038035676698200405,-0.31757855415344238,-0.94652581214904785,-0.33289921283721924,1.0196647644042969,0.61253243684768677,0.15422332286834717,-1.1759856939315796,0.14965361356735229,0.093951389193534851,-0.35656988620758057,0.36909312009811401,0.42823493480682373,-1.1335561275482178,-0.5320318341255188,-2.848933219909668,-1.2476872205734253,-1.6675443649291992,-0.92291474342346191,-1.7711074352264404,-1.6007281541824341,-1.6022485494613647,-0.16202504932880402,-2.3781476020812988,-1.5717203617095947,-1.8733717203140259,-1.9703043699264526,-1.8476048707962036,1.4472734928131104,0.035991121083498001,0.55760616064071655,-5.3185586929321289,7.0302572250366211,0.0024937284179031849,139.2052001953125,396.37078857421875,0,0,224.54202270507813,404.49285888671875,356.68148803710938,421.19482421875,0,0,446.71920776367188,399.09860229492188,300.50277709960938,508.03802490234375,0,0
40,1520,,,,,,FaceRecording-1,1,,37,15200000,1,27,258,500,500,-1.2035017013549805,0.087536223232746124,-1.6813277006149292,-0.06973893940448761,-0.35176065564155579,-1.0557551383972168,-0.47828090190887451,0.91884130239486694,0.63883650302886963,0.15128938853740692,-1.2035017013549805,0.087536223232746124,0.0053475741297006607,-0.43287798762321472,0.30173131823539734,0.49619820713996887,-1.1766095161437988,-0.48641321063041687,-2.9349899291992188,-1.344883918762207,-1.6866145133972168,-0.93430298566818237,-1.8361437320709229,-1.6038424968719482,-1.4171587228775024,0.034987226128578186,-2.3130261898040771,-1.523811936378479,-1.7899302244186401,-1.9202805757522583,-1.7358384132385254,1.4369348287582397,0.034559179097414017,0.5441516637802124,-5.1595702171325684,6.6035971641540527,-0.0082405665889382362,141.32221984863281,395.53814697265625,0,0,222.09658813476563,402.73056030273438,359.6796875,418.25909423828125,0,0,448.0675048828125,403.20578002929688,300.58541870117188,506.4989013671875,0,0
41,1560,,,,,,FaceRecording-1,1,,38,15600000,1,27,257,499,499,-1.1968207359313965,0.11426907777786255,-1.4670724868774414,-0.042788170278072357,-0.35248243808746338,-0.901100754737854,-0.43581146001815796,0.93857276439666748,0.56075572967529297,0.18811357021331787,-1.1968207359313965,0.11426907777786255,-0.064359627664089203,-0.4832356870174408,0.2963126003742218,0.42247629165649414,-1.1695196628570557,-0.5130952000617981,-2.8764970302581787,-1.2930251359939575,-1.6979864835739136,-0.95889961719512939,-1.8128565549850464,-1.6299067735671997,-1.518749475479126,-0.11925263702869415,-2.3834261894226074,-1.6155636310577393,-1.7688870429992676,-1.8685848712921143,-1.8668231964111328,1.4677379131317139,0.034558795392513275,0.5439949631690979,-5.1622219085693359,6.6097846031188965,-0.0093066804111003876,141.17398071289063,395.52590942382813,0,0,222.10781860351563,402.7071533203125,360.0894775390625,418.3001708984375,0,0,446.76687622070313,400.082275390625,300.65518188476563,506.42581176757813,0,0
42,1600,,,,,,FaceRecording-1,1,,39,16000000,1,27,258,500,500,-1.2002676725387573,0.074723109602928162,-1.6934617757797241,-0.10375300049781799,-0.3576018214225769,-1.0362923145294189,-0.4981561005115509,0.91932141780853271,0.63368690013885498,0.16441783308982849,-1.2002676725387573,0.074723109602928162,-0.00020722649060189724,-0.43301382660865784,0.29591712355613708,0.47479313611984253,-1.1755605936050415,-0.48985570669174194,-2.9328978061676025,-1.3351126909255981,-1.685387134552002,-0.94197684526443481,-1.8397015333175659,-1.6081439256668091,-1.4272985458374023,0.034757103770971298,-2.3225557804107666,-1.525175929069519,-1.7778137922286987,-1.9211241006851196,-1.7339073419570923,1.4511063098907471,0.034550171345472336,0.54396170377731323,-5.1592006683349609,6.6075191497802734,-0.0077749155461788177,141.32221984863281,395.53814697265625,0,0,222.09658813476563,402.73056030273438,360.09136962890625,418.3116455078125,0,0,448.08358764648438,403.219970703125,300.64321899414063,506.42803955078125,0,0
43,1640,,,,,,FaceRecording-1,1,,40,16400000,1,27,258,499,499,-1.1707289218902588,0.050099235028028488,-1.6791845560073853,-0.093068577349185944,-0.33615857362747192,-1.0664142370223999,-0.4830651581287384,0.91010367870330811,0.62698429822921753,0.16009607911109924,-1.1707289218902588,0.050099235028028488,0.039647337049245834,-0.38977250456809998,0.28847217559814453,0.46162095665931702,-1.1793955564498901,-0.48968714475631714,-2.9106707572937012,-1.3329914808273315,-1.6568726301193237,-0.91506105661392212,-1.8138418197631836,-1.5717788934707642,-1.3557953834533691,0.029215671122074127,-2.2812154293060303,-1.4810988903045654,-1.7669240236282349,-1.8784505128860474,-1.6622160673141479,1.4934343099594116,0.034480497241020203,0.54164606332778931,-5.170773983001709,6.6095213890075684,-0.0044938148930668831,141.27651977539063,395.418212890625,0,0,222.36656188964844,402.73818969726563,359.58364868164063,419.2420654296875,0,0,447.74154663085938,403.34017944335938,300.70013427734375,506.46356201171875,0,0
44,1680,,,,,,FaceRecording-1,1,,41,16800000,1,28,258,498,498,-1.3276337385177612,0.039931092411279678,-2.0370092391967773,-0.68716639280319214,-0.40110662579536438,-0.99116712808609009,-0.57698631286621094,1.121986985206604,0.73985344171524048,0.16506506502628326,-1.3276337385177612,0.039931092411279678,0.031500115990638733,-0.41655606031417847,0.24799211323261261,0.044324211776256561,-1.2327299118041992,-0.4708065390586853,-2.768625020980835,-1.3344484567642212,-1.6293772459030151,-0.94013077020645142,-1.6653608083724976,-1.482547402381897,-1.2588305473327637,-0.093355923891067505,-2.2902669906616211,-1.3485108613967896,-1.7143803834915161,-1.8249170780181885,-1.4551541805267334,1.8965847492218018,0.034388791769742966,0.54262322187423706,-5.1701016426086426,6.6007876396179199,-0.0052421200089156628,141.27584838867188,395.42266845703125,0,0,225.42881774902344,402.42449951171875,360.10540771484375,418.075927734375,0,0,447.73471069335938,403.442626953125,300.60470581054688,506.558349609375,0,0
45,1720,,,,,,FaceRecording-1,1,,42,17200000,1,25,259,503,503,-1.4121567010879517,0.097753912210464478,-1.3000854253768921,0.010055572725832462,-0.41884413361549377,-0.95226466655731201,-0.41141855716705322,0.81733328104019165,0.4343891441822052,0.25536403059959412,-1.4121567010879517,0.097753912210464478,0.065762504935264587,-0.28180056810379028,0.29879361391067505,0.65232187509536743,-1.1619212627410889,-0.56645035743713379,-3.0934321880340576,-1.1788564920425415,-1.7436536550521851,-1.0963609218597412,-1.8000932931900024,-1.6575405597686768,-1.791474461555481,-0.14642053842544556,-2.3143525123596191,-1.6327546834945679,-1.8125514984130859,-2.0020618438720703,-2.1100986003875732,1.2297611236572266,0.037646498531103134,0.4813331663608551,-5.2530417442321777,6.9369754791259766,0.095869436860084534,138.20147705078125,398.6121826171875,0,0,222.87879943847656,405.654296875,359.90127563476563,418.80419921875,0,0,449.71173095703125,406.32754516601563,300.84063720703125,506.345703125,0,0
46,1760,,,,,,FaceRecording-1,1,,43,17600000,1,25,259,503,503,-1.4221911430358887,0.10175918787717819,-1.3059369325637817,0.0094219818711280823,-0.42377740144729614,-0.94701725244522095,-0.41033062338829041,0.82020694017410278,0.4332655668258667,0.24953478574752808,-1.4221911430358887,0.10175918787717819,0.063900023698806763,-0.28433907032012939,0.30233171582221985,0.65763974189758301,-1.1600402593612671,-0.56460332870483398,-3.0929253101348877,-1.1746008396148682,-1.7474130392074585,-1.0999866724014282,-1.8008360862731934,-1.6583985090255737,-1.7907952070236206,-0.14588950574398041,-2.3178286552429199,-1.6388628482818604,-1.8112683296203613,-2.0035595893859863,-2.1166529655456543,1.224618673324585,0.037612639367580414,0.48151540756225586,-5.2540864944458008,6.9432621002197266,0.095091268420219421,138.20147705078125,398.6121826171875,0,0,222.87879943847656,405.654296875,359.90127563476563,418.80419921875,0,0,449.71173095703125,406.32754516601563,300.773193359375,506.32357788085938,0,0
47,1800,,,,,,FaceRecording-1,1,,44,18000000,1,25,258,503,503,-1.4082045555114746,0.11084018647670746,-1.3094850778579712,-0.010834205895662308,-0.42137309908866882,-0.94282102584838867,-0.42055642604827881,0.83724731206893921,0.45104411244392395,0.26117998361587524,-1.4082045555114746,0.11084018647670746,0.042005285620689392,-0.30688923597335815,0.29460731148719788,0.64864116907119751,-1.1509785652160645,-0.56020796298980713,-3.0938916206359863,-1.1833523511886597,-1.7418266534805298,-1.0943193435668945,-1.8214457035064697,-1.6695916652679443,-1.7693921327590942,-0.13358157873153687,-2.3256487846374512,-1.6357004642486572,-1.8248231410980225,-2.0170142650604248,-2.1212432384490967,1.2180068492889404,0.037573829293251038,0.47947195172309875,-5.2696523666381836,6.9189591407775879,0.094416156411170959,138.16525268554688,398.59756469726563,0,0,222.86351013183594,405.57540893554688,360.23880004882813,418.3934326171875,0,0,449.69680786132813,406.2073974609375,300.70199584960938,506.2674560546875,0,0
48,1840,,,,,,FaceRecording-1,1,,45,18400000,1,25,258,503,503,-1.405779242515564,0.11564090847969055,-1.3037903308868408,-0.0019676985684782267,-0.42298784852027893,-0.94505274295806885,-0.41505542397499084,0.84455490112304688,0.45349296927452087,0.25535112619400024,-1.405779242515564,0.11564090847969055,0.046045921742916107,-0.30404841899871826,0.29978993535041809,0.65106981992721558,-1.1505588293075562,-0.56102228164672852,-3.0842597484588623,-1.1804757118225098,-1.7368443012237549,-1.0897773504257202,-1.8162351846694946,-1.6686418056488037,-1.7726140022277832,-0.13379111886024475,-2.3200607299804688,-1.634157657623291,-1.8220000267028809,-2.0150699615478516,-2.1180753707885742,1.2182539701461792,0.037645362317562103,0.47964388132095337,-5.264350414276123,6.9246335029602051,0.092354439198970795,138.16525268554688,398.59756469726563,0,0,222.84526062011719,405.57037353515625,360.09207153320313,418.3660888671875,0,0,449.69622802734375,406.21026611328125,300.80548095703125,506.29205322265625,0,0
49,1880,,,,,,FaceRecording-1,1,,46,18800000,1,27,259,499,499,-1.1859577894210815,0.1448068767786026,-1.4548605680465698,0.032039817422628403,-0.31924149394035339,-0.96257585287094116,-0.33063003420829773,1.0166573524475098,0.61414593458175659,0.14481507241725922,-1.1859577894210815,0.1448068767786026,0.099758133292198181,-0.35581368207931519,0.37014758586883545,0.43071284890174866,-1.1558510065078735,-0.54076719284057617,-2.8510334491729736,-1.2537698745727539,-1.6765884160995483,-0.93091464042663574,-1.7690027952194214,-1.5969903469085693,-1.6012533903121948,-0.1385272890329361,-2.3738284111022949,-1.5669064521789551,-1.8573894500732422,-1.953703761100769,-1.8318655490875244,1.4541016817092896,0.035929381847381592,0.55166763067245483,-5.3620743751525879,7.0260634422302246,0.0004619109386112541,139.22488403320313,396.27880859375,0,0,224.60054016113281,404.66134643554688,356.51486206054688,421.2886962890625,0,0,446.79122924804688,399.387939453125,300.70504760742188,507.93157958984375,0,0
50,1920,,,,,,FaceRecording-1,1,,47,19200000,1,26,259,502,502,-1.3416416645050049,0.079043403267860413,-1.3314940929412842,-0.0024421063717454672,-0.4074985682964325,-0.96120399236679077,-0.41834428906440735,0.86933779716491699,0.46722263097763062,0.27202689647674561,-1.3416416645050049,0.079043403267860413,0.098858833312988281,-0.27689498662948608,0.30430728197097778,0.58573716878890991,-1.169485330581665,-0.57997417449951172,-3.0464019775390625,-1.1649632453918457,-1.7164938449859619,-1.0563302040100098,-1.8086374998092651,-1.6569339036941528,-1.7728837728500366,-0.15604075789451599,-2.3226568698883057,-1.5987225770950317,-1.8186129331588745,-2.0206935405731201,-2.0505826473236084,1.3070951700210571,0.037606839090585709,0.47851517796516418,-5.2682147026062012,6.928013801574707,0.095604158937931061,138.88943481445313,398.99078369140625,0,0,222.85133361816406,405.60699462890625,360.09954833984375,418.36328125,0,0,449.69869995117188,406.21044921875,300.7781982421875,506.2779541015625,0,0
51,1960,,,,,,FaceRecording-1,1,,48,19600000,1,28,258,498,498,-1.2890141010284424,0.0082697561010718346,-1.9175373315811157,-0.54582399129867554,-0.38730871677398682,-0.98189496994018555,-0.52627289295196533,1.0824674367904663,0.69315582513809204,0.17217415571212769,-1.2890141010284424,0.0082697561010718346,0.057027719914913177,-0.38490164279937744,0.23372878134250641,0.096537582576274872,-1.2401453256607056,-0.496572345495224,-2.7719278335571289,-1.2779595851898193,-1.6316283941268921,-0.93588483333587646,-1.6513259410858154,-1.47438645362854,-1.2756634950637817,-0.047228362411260605,-2.2818455696105957,-1.3526678085327148,-1.6843345165252686,-1.7858343124389648,-1.4566279649734497,1.8723477125167847,0.034386605024337769,0.54204463958740234,-5.1828670501708984,6.5898408889770508,-0.012223159894347191,141.09724426269531,395.88735961914063,0,0,225.37039184570313,402.55682373046875,359.53033447265625,418.074951171875,0,0,447.9908447265625,403.20953369140625,300.60089111328125,506.50421142578125,0,0
52,2000,,,,,,FaceRecording-1,1,,49,20000000,1,27,259,499,499,-1.2009729146957397,0.14568017423152924,-1.4930402040481567,-0.024623224511742592,-0.3283211886882782,-0.94639497995376587,-0.32352685928344727,1.0295963287353516,0.61113536357879639,0.15482388436794281,-1.2009729146957397,0.14568017423152924,0.11100350320339203,-0.34845423698425293,0.38161054253578186,0.41360479593276978,-1.1227757930755615,-0.5442243218421936,-2.8633036613464355,-1.229491114616394,-1.6658899784088135,-0.92829102277755737,-1.7811517715454102,-1.6172645092010498,-1.6172820329666138,-0.1709001213312149,-2.3846418857574463,-1.5688866376876831,-1.8864257335662842,-2.0239403247833252,-1.8835359811782837,1.4498671293258667,0.036305353045463562,0.56244999170303345,-5.3858599662780762,7.0425186157226563,-0.0043591898865997791,138.67172241210938,396.99270629882813,0,0,224.64588928222656,404.83200073242188,356.428955078125,421.12591552734375,0,0,447.08831787109375,399.6258544921875,300.33544921875,508.08807373046875,0,0
53,2040,,,,,,FaceRecording-1,1,,50,20400000,1,27,259,499,499,-1.2219998836517334,0.14482082426548004,-1.4846541881561279,0.041014000773429871,-0.35163852572441101,-0.94303900003433228,-0.34229186177253723,0.99535214900970459,0.59381288290023804,0.1349501758813858,-1.2219998836517334,0.14482082426548004,0.091184116899967194,-0.3630252480506897,0.38140478730201721,0.4639211893081665,-1.1614115238189697,-0.54685837030410767,-2.9044380187988281,-1.2443059682846069,-1.6950647830963135,-0.95489174127578735,-1.805239200592041,-1.6265711784362793,-1.6349310874938965,-0.12189272791147232,-2.3990962505340576,-1.6042298078536987,-1.8464194536209106,-1.9938129186630249,-1.8883118629455566,1.426183819770813,0.036445874720811844,0.56198352575302124,-5.3624181747436523,7.063502311706543,-0.0033157216385006905,139.10737609863281,396.3673095703125,0,0,224.53709411621094,404.74636840820313,356.24899291992188,421.43701171875,0,0,446.82882690429688,399.49652099609375,300.30886840820313,508.3304443359375,0,0
54,2080,,,,,,FaceRecording-1,1,,51,20800000,1,24,255,508,508,-1.2945355176925659,0.07573024183511734,-1.6707440614700317,-0.71641290187835693,-0.35992592573165894,-0.8569720983505249,-0.69822341203689575,0.99692994356155396,0.56066030263900757,0.54638075828552246,-1.2945355176925659,0.07573024183511734,-0.28977799415588379,-0.57241982221603394,0.14833182096481323,0.34371474385261536,-1.0116244554519653,-0.43680992722511292,-3.1044347286224365,-1.3425942659378052,-1.7571552991867065,-1.2020469903945923,-2.0076096057891846,-1.8146724700927734,-1.7907772064208984,-0.29798957705497742,-2.5379776954650879,-1.8188968896865845,-1.9428144693374634,-2.1376841068267822,-2.3869504928588867,1.3861478567123413,0.037439759820699692,0.4932391345500946,-5.3349900245666504,6.9256682395935059,0.1032165139913559,138.24359130859375,396.74606323242188,0,0,222.02113342285156,405.8837890625,367.6876220703125,410.0916748046875,0,0,449.42758178710938,405.80923461914063,299.77792358398438,505.65048217773438,0,0
55,2120,,,,,,FaceRecording-1,1,,52,21200000,1,25,254,507,507,-1.3139533996582031,0.0069217276759445667,-1.882710337638855,-0.59763497114181519,-0.34699293971061707,-0.72026568651199341,-0.68217331171035767,0.97595995664596558,0.62263256311416626,0.45496064424514771,-1.3139533996582031,0.0069217276759445667,-0.2671055793762207,-0.57887452840805054,0.11053045839071274,0.053241148591041565,-1.1746262311935425,-0.50221377611160278,-2.7291107177734375,-1.2130320072174072,-1.6496365070343018,-1.0744191408157349,-1.7064568996429443,-1.5947092771530151,-1.5148295164108276,-0.073116272687911987,-2.3109803199768066,-1.5380257368087769,-1.6700925827026367,-1.907304048538208,-1.8257907629013062,1.5265060663223267,0.034049265086650848,0.54036211967468262,-5.1450915336608887,6.5565361976623535,0.010655268095433712,139.97317504882813,394.42181396484375,0,0,225.46865844726563,402.4969482421875,370.40701293945313,407.37274169921875,0,0,449.894775390625,409.00875854492188,300.310791015625,505.272705078125,0,0
56,2160,,,,,,FaceRecording-1,1,,53,21600000,1,27,255,503,503,-1.2824536561965942,-0.20786932110786438,-1.2225315570831299,-0.11683017015457153,-0.31307649612426758,-0.80698758363723755,-0.44213810563087463,0.74331122636795044,0.20998895168304443,0.47636085748672485,-1.2824536561965942,-0.11683017015457153,0.015088491141796112,-0.31541797518730164,0.22913959622383118,0.37097275257110596,-1.06258225440979,-0.6007380485534668,-3.0279459953308105,-1.3164770603179932,-1.7375642061233521,-1.0268594026565552,-2.0057773590087891,-1.7638950347900391,-1.5653507709503174,-0.35925969481468201,-2.5203757286071777,-1.6781191825866699,-1.7889615297317505,-1.8914533853530884,-2.1316990852355957,1.4352331161499023,0.033953562378883362,0.5708274245262146,-5.2631030082702637,6.6299200057983398,-0.12293888628482819,140.1640625,396.2786865234375,0,0,222.07012939453125,403.22366333007813,364.22622680664063,416.82440185546875,0,0,446.84896850585938,395.78732299804688,300.20730590820313,507.03134155273438,0,0
57,2200,,,,,,FaceRecording-1,1,,54,22000000,1,26,258,502,502,-0.97973859310150146,-0.17043960094451904,-1.2919228076934814,-0.033690046519041061,-0.21401287615299225,-0.95154893398284912,-0.42399638891220093,0.73559582233428955,0.36935761570930481,0.4762062132358551,-0.97973859310150146,-0.033690046519041061,0.1451648622751236,-0.22531357407569885,0.21071970462799072,0.32806169986724854,-1.0221281051635742,-0.5270887017250061,-2.992070198059082,-1.3372575044631958,-1.6056349277496338,-0.92300647497177124,-1.9011740684509277,-1.6846683025360107,-1.6210997104644775,-0.29854667186737061,-2.2967119216918945,-1.5828850269317627,-1.8435611724853516,-1.945021390914917,-1.9096990823745728,1.4594250917434692,0.03777201846241951,0.43345767259597778,-5.5784354209899902,6.5305042266845703,0.096857704222202301,139.53396606445313,396.79449462890625,0,0,223.11668395996094,405.69070434570313,357.93695068359375,419.77423095703125,0,0,450.30108642578125,400.53652954101563,301.6318359375,505.43890380859375,0,0
58,2240,,,,,,FaceRecording-1,1,,55,22400000,1,29,257,500,500,-0.98868030309677124,-0.32329866290092468,-1.5417091846466064,-0.613605797290802,-0.19016088545322418,-0.89520347118377686,-0.47633957862854004,0.91710758209228516,0.43254700303077698,0.54471546411514282,-0.98868030309677124,-0.19016088545322418,0.16600649058818817,-0.24822193384170532,0.06492730975151062,-0.16132299602031708,-0.97872775793075562,-0.48140668869018555,-2.7213215827941895,-1.257698655128479,-1.5604692697525024,-0.94698125123977661,-1.6682922840118408,-1.5413159132003784,-1.4437569379806519,-0.37255442142486572,-2.2544090747833252,-1.4402245283126831,-1.7045120000839233,-1.648410439491272,-1.6392751932144165,2.0740735530853271,0.035610903054475784,0.4979759156703949,-5.7687840461730957,6.2794852256774902,0.0073695783503353596,140.37956237792969,395.33892822265625,0,0,227.14080810546875,404.42581176757813,361.60098266601563,419.7767333984375,0,0,449.02438354492188,399.23910522460938,300.75787353515625,505.16793823242188,0,0
59,2280,,,,,,FaceRecording-1,1,,56,22800000,1,29,258,496,496,-1.1058576107025146,-0.34950283169746399,-1.3886315822601318,-0.088154688477516174,-0.27651470899581909,-0.98687916994094849,-0.33002248406410217,0.70633792877197266,0.29965484142303467,0.29557251930236816,-1.1058576107025146,-0.088154688477516174,0.25020399689674377,-0.18444742262363434,0.13810217380523682,0.034136276692152023,-1.1784775257110596,-0.55866163969039917,-2.8725666999816895,-1.4852554798126221,-1.5258046388626099,-0.88409292697906494,-1.568651556968689,-1.4241149425506592,-1.4084773063659668,-0.30721086263656616,-2.1007242202758789,-1.3611451387405396,-1.5848110914230347,-1.5744432210922241,-1.3186594247817993,1.8723472356796265,0.057193107903003693,0.43647497892379761,-6.6663713455200195,4.9909210205078125,-0.0033796047791838646,140.89659118652344,393.78890991210938,0,0,227.09207153320313,403.86083984375,363.624267578125,412.6280517578125,0,0,445.9703369140625,405.09765625,300.967041015625,504.76943969726563,0,0
60,2320,,,,,,FaceRecording-1,1,,57,23200000,1,30,256,497,497,-1.0210096836090088,-0.4109153151512146,-1.3883794546127319,-0.39034676551818848,-0.26151496171951294,-0.83782249689102173,-0.42225044965744019,0.65203171968460083,0.2374686598777771,0.49074134230613708,-1.0210096836090088,-0.26151496171951294,0.092735320329666138,-0.32380840182304382,0.057739973068237305,-0.12465621531009674,-1.0640621185302734,-0.52727091312408447,-2.7550029754638672,-1.4494411945343018,-1.5586450099945068,-0.97875410318374634,-1.5355417728424072,-1.4919449090957642,-1.5440899133682251,-0.28354096412658691,-2.1790273189544678,-1.5124106407165527,-1.6331930160522461,-1.5507100820541382,-1.5256271362304688,1.9268194437026978,0.071251161396503448,0.42191347479820251,-5.6929922103881836,5.8464198112487793,-0.16898760199546814,143.63777160644531,392.2288818359375,0,0,225.57502746582031,401.10546875,367.93588256835938,408.78375244140625,0,0,444.91726684570313,404.11715698242188,301.21408081054688,505.67266845703125,0,0
61,2360,,,,,,FaceRecording-1,1,,58,23600000,1,31,256,496,496,-1.0511722564697266,-0.65228766202926636,-1.1481494903564453,-0.30300107598304749,-0.23302127420902252,-0.89366966485977173,-0.40360027551651001,0.41781541705131531,-0.0037363010924309492,0.66490143537521362,-1.0511722564697266,-0.23302127420902252,0.18798179924488068,-0.14313046634197235,0.0053791496902704239,-0.030024254694581032,-1.0397845506668091,-0.56540787220001221,-2.7791337966918945,-1.4373211860656738,-1.5817077159881592,-1.0372960567474365,-1.5410627126693726,-1.5239377021789551,-1.6696181297302246,-0.28167760372161865,-2.1994593143463135,-1.5222699642181396,-1.6050527095794678,-1.5018932819366455,-1.4434806108474731,2.0049865245819092,0.090351536870002747,0.50303232669830322,-5.1561136245727539,6.5207371711730957,-0.59350156784057617,145.17207336425781,393.673828125,0,0,226.22213745117188,401.00424194335938,368.17474365234375,408.4217529296875,0,0,446.42410278320313,403.88092041015625,300.97128295898438,505.53955078125,0,0
62,2400,,,,,,FaceRecording-1,1,,59,24000000,1,29,257,495,495,-0.71653646230697632,-1.0643067359924316,-1.0828788280487061,0.31580823659896851,-0.10504769533872604,-1.2477059364318848,-0.26566144824028015,-0.11285420507192612,-0.39499986171722412,0.48814734816551208,-0.71653646230697632,0.31580823659896851,0.63857519626617432,0.34437701106071472,0.056121271103620529,0.43593090772628784,-1.0525851249694824,-0.53205853700637817,-2.9601590633392334,-1.5198013782501221,-1.4410973787307739,-0.82231748104095459,-1.4444282054901123,-1.4034796953201294,-1.4962066411972046,0.012016135267913342,-2.0172274112701416,-1.3147497177124023,-1.477412223815918,-1.3835687637329102,-0.98087102174758911,1.7643029689788818,0.083991795778274536,0.45643982291221619,-4.7378339767456055,6.881016731262207,-0.80470937490463257,143.83294677734375,392.6400146484375,0,0,222.86587524414063,400.98837280273438,364.8033447265625,409.522216796875,0,0,444.941162109375,410.71978759765625,301.63467407226563,505.08807373046875,0,0
63,2440,,,,,,FaceRecording-1,1,,60,24400000,1,29,257,497,497,-0.66451883316040039,-1.1532840728759766,-1.1492347717285156,0.17897945642471313,-0.099254980683326721,-1.2383304834365845,-0.2751413881778717,-0.12962706387042999,-0.46448549628257751,0.59375709295272827,-0.66451883316040039,0.17897945642471313,0.62080097198486328,0.32347238063812256,0.018936030566692352,0.42858204245567322,-0.92383855581283569,-0.4755902886390686,-2.9222521781921387,-1.4749473333358765,-1.4305654764175415,-0.83456379175186157,-1.4611444473266602,-1.4463194608688354,-1.6301040649414063,0.091583788394927979,-2.0420522689819336,-1.3705308437347412,-1.467157244682312,-1.3728739023208618,-0.96269440650939941,1.8515697717666626,0.069546408951282501,0.34710937738418579,-4.4365749359130859,6.0890016555786133,-1.0437101125717163,145.76853942871094,392.14337158203125,0,0,224.69502258300781,401.84060668945313,364.8955078125,408.21856689453125,0,0,448.5010986328125,410.62420654296875,299.79275512695313,506.342041015625,0,0
64,2480,,,,,,FaceRecording-1,1,,61,24800000,1,26,255,502,502,-0.5802229642868042,-1.3121577501296997,-1.1825407743453979,0.077177725732326508,-0.015561958774924278,-1.3228319883346558,-0.29407200217247009,-0.30800530314445496,-0.59188413619995117,0.7188374400138855,-0.5802229642868042,0.077177725732326508,0.63198667764663696,0.31613028049468994,-0.056021779775619507,0.51573103666305542,-0.94746148586273193,-0.51432222127914429,-3.0478153228759766,-1.4595980644226074,-1.396048903465271,-0.77624017000198364,-1.5088611841201782,-1.4428539276123047,-1.7057403326034546,0.15621010959148407,-2.0096282958984375,-1.2697783708572388,-1.6525359153747559,-1.6689231395721436,-1.028490424156189,1.8168520927429199,0.070385284721851349,0.3638063371181488,-4.8212137222290039,5.0803871154785156,-0.75910860300064087,144.32821655273438,391.68179321289063,0,0,226.23527526855469,401.50796508789063,365.53866577148438,410.46649169921875,0,0,450.62075805664063,407.685791015625,298.42083740234375,509.10711669921875,0,0
65,2520,,,,,,FaceRecording-1,1,,62,25200000,1,29,259,494,494,-0.63743466138839722,-1.6873266696929932,-0.54798924922943115,0.61870163679122925,-0.034947063773870468,-1.5414270162582397,-0.58232343196868896,-0.99304229021072388,-1.1151070594787598,0.68500697612762451,-0.63743466138839722,0.61870163679122925,0.89435285329818726,0.92054265737533569,-0.20661647617816925,0.90129756927490234,-1.2293945550918579,-0.44168451428413391,-3.4200444221496582,-1.5728141069412231,-1.3969812393188477,-0.8167235255241394,-1.49851393699646,-1.4161030054092407,-1.5584473609924316,0.0037628309801220894,-2.0899531841278076,-1.2262581586837769,-1.5478751659393311,-1.4121456146240234,-0.81547683477401733,1.6360145807266235,0.064849995076656342,0.32021671533584595,-4.296811580657959,5.4621672630310059,-0.94008290767669678,144.86636352539063,391.169677734375,0,0,225.93922424316406,403.53408813476563,360.49310302734375,412.6097412109375,0,0,445.62738037109375,405.71749877929688,298.6617431640625,509.76666259765625,0,0
66,2560,,,,,,FaceRecording-1,1,,63,25600000,1,31,259,490,490,-0.94860279560089111,-1.6634185314178467,-0.56601405143737793,0.28460979461669922,0.11146792024374008,-1.6510956287384033,-0.54804491996765137,-0.80584144592285156,-0.97248584032058716,0.93939423561096191,-0.94860279560089111,0.28460979461669922,0.86940199136734009,0.88852202892303467,-0.24744266271591187,0.733306884765625,-1.1467294692993164,-0.4361937940120697,-3.2726576328277588,-1.693529486656189,-1.3801674842834473,-0.89723151922225952,-1.3785686492919922,-1.3744794130325317,-1.2718174457550049,-0.17364528775215149,-1.9638367891311646,-1.1438559293746948,-1.6625646352767944,-1.4571025371551514,-0.9341050386428833,1.7732115983963013,0.092367827892303467,0.37440720200538635,-4.712409496307373,6.8149843215942383,-0.92411381006240845,143.67144775390625,392.42733764648438,0,0,225.429931640625,401.84466552734375,361.81414794921875,407.79083251953125,0,0,443.09326171875,409.5364990234375,301.4442138671875,505.35833740234375,0,0
67,2600,,,,,,FaceRecording-1,1,,64,26000000,1,29,261,489,489,-0.69631224870681763,-1.6329631805419922,-0.52920413017272949,0.6872556209564209,0.087117597460746765,-1.5671972036361694,-0.58547264337539673,-1.0461440086364746,-1.0569525957107544,0.53699088096618652,-0.69631224870681763,0.6872556209564209,1.0447721481323242,1.0729796886444092,-0.26658016443252563,0.93726372718811035,-1.1797374486923218,-0.40792384743690491,-3.2801251411437988,-1.4919248819351196,-1.3241136074066162,-0.82587045431137085,-1.4187566041946411,-1.2220896482467651,-1.4856493473052979,0.061348997056484222,-1.8612854480743408,-1.2108505964279175,-1.4894582033157349,-1.4432951211929321,-1.0176228284835815,1.5053622722625732,0.045071270316839218,0.33341002464294434,-5.2346401214599609,5.4484176635742188,-0.80177783966064453,141.07350158691406,392.41854858398438,0,0,223.57772827148438,403.653564453125,357.06735229492188,412.60986328125,0,0,441.86761474609375,412.848876953125,300.68002319335938,505.09762573242188,0,0
68,2640,,,,,,FaceRecording-1,1,,65,26400000,1,29,262,488,488,-0.45461016893386841,-1.4333301782608032,-0.44177430868148804,0.70075911283493042,0.042201057076454163,-1.2107430696487427,-0.64869546890258789,-1.0155372619628906,-1.0318876504898071,0.43685689568519592,-0.45461016893386841,0.70075911283493042,1.0960350036621094,1.1818130016326904,-0.28352430462837219,0.86756175756454468,-1.0944833755493164,-0.32188165187835693,-2.9937500953674316,-1.3093353509902954,-1.1975821256637573,-0.86389422416687012,-1.4135944843292236,-1.1745476722717285,-1.4360638856887817,0.019875191152095795,-1.8721910715103149,-1.1409503221511841,-1.359618067741394,-1.3933414220809937,-0.92139220237731934,1.6381709575653076,0.036849383264780045,0.34739187359809875,-5.0038704872131348,5.0514678955078125,-0.66853731870651245,141.84927368164063,392.39093017578125,0,0,222.88494873046875,404.17816162109375,352.22384643554688,418.61868286132813,0,0,443.6287841796875,410.4971923828125,300.98992919921875,505.1697998046875,0,0
69,2680,,,,,,FaceRecording-1,1,,66,26800000,1,25,255,501,501,-0.54331320524215698,-1.7484111785888672,-0.95976382493972778,0.28636032342910767,0.083054326474666595,-1.5199189186096191,-0.50463229417800903,-1.038155198097229,-1.0335416793823242,0.83659321069717407,-0.54331320524215698,0.28636032342910767,0.89523082971572876,0.89715403318405151,-0.36539953947067261,0.87298214435577393,-0.96558082103729248,-0.38579487800598145,-3.4095251560211182,-1.5722427368164063,-1.3693053722381592,-0.86777800321578979,-1.5400906801223755,-1.4336025714874268,-1.6581693887710571,-0.034940261393785477,-2.0959630012512207,-1.2568207979202271,-1.8332763910293579,-1.7993185520172119,-1.1128010749816895,1.6596149206161499,0.037699427455663681,0.2980131208896637,-4.617340087890625,5.4531955718994141,-0.86343652009963989,141.54559326171875,390.96478271484375,0,0,223.02632141113281,405.1895751953125,363.46405029296875,402.50579833984375,0,0,446.82937622070313,412.60940551757813,299.75051879882813,506.96334838867188,0,0
70,2720,,,,,,FaceRecording-1,1,,67,27200000,1,29,257,494,494,-0.82487982511520386,-1.864621639251709,-0.67788171768188477,0.093371592462062836,0.12515312433242798,-1.5194203853607178,-0.56773906946182251,-0.97498464584350586,-1.1762903928756714,1.0435177087783813,-0.82487982511520386,0.12515312433242798,0.95002365112304688,0.97256731986999512,-0.44791707396507263,0.71669352054595947,-1.003401517868042,-0.33834123611450195,-3.3277287483215332,-1.7360001802444458,-1.3968061208724976,-1.0286929607391357,-1.4528459310531616,-1.4091194868087769,-1.4174412488937378,-0.3517296314239502,-2.0805084705352783,-1.2456940412521362,-1.7801809310913086,-1.6292648315429688,-1.1241581439971924,1.8655849695205688,0.038727350533008575,0.37367463111877441,-5.0913329124450684,4.6516680717468262,-0.53769940137863159,142.3648681640625,391.64791870117188,0,0,225.61769104003906,402.56289672851563,360.71237182617188,404.86724853515625,0,0,445.27484130859375,408.468994140625,300.70758056640625,505.24099731445313,0,0
71,2760,,,,,,FaceRecording-1,1,,68,27600000,1,28,257,492,492,-0.75952059030532837,-1.7190723419189453,-0.81387650966644287,0.086018525063991547,0.17123377323150635,-1.461820125579834,-0.63364171981811523,-1.0310167074203491,-1.0851627588272095,0.90669840574264526,-0.75952059030532837,0.17123377323150635,0.9199860692024231,0.95954525470733643,-0.444570392370224,0.77725207805633545,-0.96242696046829224,-0.31959047913551331,-3.2184996604919434,-1.6578409671783447,-1.3894109725952148,-0.9396435022354126,-1.3797227144241333,-1.3177239894866943,-1.6296603679656982,-0.15661090612411499,-1.9184716939926147,-1.274773120880127,-1.755183219909668,-1.6971046924591064,-1.0714092254638672,1.6290891170501709,0.038974855095148087,0.37047913670539856,-5.1046609878540039,4.5224757194519043,-0.52456825971603394,142.77500915527344,389.90634155273438,0,0,225.154296875,401.77392578125,356.00210571289063,408.4287109375,0,0,445.77587890625,408.38812255859375,300.11331176757813,505.28274536132813,0,0
72,2800,,,,,,FaceRecording-1,1,,69,28000000,1,27,262,488,488,-0.53921592235565186,-1.1983544826507568,-0.25089108943939209,1.0224108695983887,0.00062852312112227082,-1.1035577058792114,-0.72766536474227905,-1.2241654396057129,-1.025047779083252,0.097904473543167114,-0.53921592235565186,1.0224108695983887,0.8890344500541687,1.1834017038345337,-0.18692263960838318,1.1590142250061035,-0.94389957189559937,-0.43400779366493225,-2.7752692699432373,-1.0813895463943481,-1.2094804048538208,-0.89682853221893311,-1.3333442211151123,-1.1139507293701172,-1.6735144853591919,0.1468786895275116,-1.8153529167175293,-1.2667319774627686,-1.2055855989456177,-1.309035062789917,-1.0952208042144775,1.3558837175369263,0.041071180254220963,0.31142786145210266,-4.7060723304748535,4.4893293380737305,-0.72632330656051636,142.55406188964844,389.8692626953125,0,0,222.59675598144531,403.2813720703125,342.75912475585938,424.04095458984375,0,0,446.3392333984375,408.1468505859375,299.41500854492188,506.0247802734375,0,0
73,2840,,,,,,FaceRecording-1,1,,70,28400000,1,27,256,498,498,-0.44058099389076233,-1.81565260887146,-0.70148861408233643,0.31728053092956543,0.040535572916269302,-1.2653940916061401,-0.63011437654495239,-1.1359133720397949,-1.2210986614227295,0.8276025652885437,-0.44058099389076233,0.31728053092956543,0.9355846643447876,1.0375761985778809,-0.46901082992553711,0.8104710578918457,-0.93233484029769897,-0.34903115034103394,-3.3142149448394775,-1.5371794700622559,-1.3588954210281372,-0.9409254789352417,-1.5167461633682251,-1.4324557781219482,-1.7654027938842773,-0.23795720934867859,-2.2095272541046143,-1.3401898145675659,-1.6944515705108643,-1.6669986248016357,-1.0123767852783203,1.7328795194625854,0.049113497138023376,0.36268818378448486,-4.1776556968688965,4.9555630683898926,-0.95176613330841064,142.81210327148438,390.63458251953125,0,0,223.69190979003906,403.90960693359375,360.474365234375,405.8170166015625,0,0,447.8739013671875,407.673828125,298.84793090820313,505.92697143554688,0,0
74,2880,,,,,,FaceRecording-1,1,,71,28800000,1,26,256,499,499,-0.57169163227081299,-1.8157545328140259,-0.73029804229736328,0.21887166798114777,0.066234275698661804,-1.2944656610488892,-0.61091697216033936,-1.1618666648864746,-1.2351398468017578,0.88367742300033569,-0.57169163227081299,0.21887166798114777,0.95687460899353027,1.029038667678833,-0.49662724137306213,0.76660698652267456,-0.91804963350296021,-0.39133000373840332,-3.3263909816741943,-1.5194363594055176,-1.3564003705978394,-0.93364065885543823,-1.493266224861145,-1.4081836938858032,-1.74775230884552,-0.27641928195953369,-2.1859042644500732,-1.3049918413162231,-1.8133144378662109,-1.8006801605224609,-1.1137270927429199,1.7757058143615723,0.050875958055257797,0.37606158852577209,-4.1580462455749512,4.8249197006225586,-0.95829647779464722,143.67942810058594,390.4398193359375,0,0,223.40023803710938,404.14373779296875,364.54299926757813,407.1741943359375,0,0,447.0543212890625,407.0885009765625,298.37338256835938,507.62127685546875,0,0
75,2920,,,,,,FaceRecording-1,1,,72,29200000,1,27,254,501,501,-0.52472716569900513,-1.8130276203155518,-0.83317875862121582,-0.020924950018525124,0.10309328883886337,-1.2586678266525269,-0.57858443260192871,-0.95781129598617554,-1.1241428852081299,1.0115251541137695,-0.52472716569900513,0.10309328883886337,0.86114698648452759,0.88436657190322876,-0.51663434505462646,0.56728917360305786,-0.85979467630386353,-0.39627102017402649,-3.2811665534973145,-1.552964448928833,-1.3454666137695313,-0.97759222984313965,-1.423747181892395,-1.3985359668731689,-1.7632347345352173,-0.31147927045822144,-2.1485269069671631,-1.3114619255065918,-1.8430032730102539,-1.8067708015441895,-1.1431745290756226,1.8318996429443359,0.050901651382446289,0.38790595531463623,-4.1796998977661133,4.698051929473877,-1.0146099328994751,143.62420654296875,390.56088256835938,0,0,223.67973327636719,404.1705322265625,365.66818237304688,403.3018798828125,0,0,446.95855712890625,406.34512329101563,298.53915405273438,507.81756591796875,0,0
76,2960,,,,,,FaceRecording-1,1,,73,29600000,1,27,255,499,499,-0.58643364906311035,-1.7656376361846924,-0.59396916627883911,0.43876293301582336,0.020403947681188583,-1.2313779592514038,-0.59369707107543945,-1.1328718662261963,-1.2090691328048706,0.81090652942657471,-0.58643364906311035,0.43876293301582336,0.95747756958007813,1.0981631278991699,-0.47108083963394165,0.80584418773651123,-0.94711571931838989,-0.41918441653251648,-3.3214015960693359,-1.4957640171051025,-1.3694955110549927,-0.93895244598388672,-1.4509176015853882,-1.4199193716049194,-1.733784556388855,-0.31475558876991272,-2.23976731300354,-1.3261755704879761,-1.724306583404541,-1.6902546882629395,-1.0789090394973755,1.7456951141357422,0.043470997363328934,0.4479006826877594,-3.7301805019378662,4.6571922302246094,-1.0810829401016235,143.41644287109375,390.9019775390625,0,0,224.26338195800781,403.1158447265625,361.94015502929688,404.7830810546875,0,0,446.50140380859375,406.10256958007813,298.17547607421875,509.02471923828125,0,0
77,3000,1,EndMedia,TestImage,,StimuliDisplay,FaceRecording-1,,,,,,,,,,,,,,,,,,,,,,,,,,,,,,,,,,,,,,,,,,,,,,,,,,,,,,,,,,,,,,
78,3000,1,EndSlide,TestImage,,StimuliDisplay,FaceRecording-1,,,,,,,,,,,,,,,,,,,,,,,,,,,,,,,,,,,,,,,,,,,,,,,,,,,,,,,,,,,,,,
