frame,Timestamp,AU1,AU2,AU4,AU5,AU6,AU7,AU9,AU10,AU12,AU14,AU15,AU17,AU18,AU20,AU23,AU24,AU25,AU26,AU28,AU43
0.0,160.0,0.10782343173150946,0.13759612990352219,0.0855262724412525,0.039683728497245475,0.03559914216366781,0.2227954791936761,0.0006327922885380461,0.003571144313258708,0.0014338940934497545,0.07219046583637184,0.04746292102131302,0.05858938462823233,0.10655224488089568,0.03181164261035007,0.11307547201965183,0.06912241747622429,0.0004069058054674699,0.0045924792765061825,0.003192397070754435,0.034838335065307036
1.0,200.0,0.11172746846193968,0.13779891754805512,0.08932854336878593,0.0427236840926556,0.03986833786889691,0.24394681682032895,0.0006187252664939377,0.004433230607595376,0.0014811822689223908,0.06701495042956788,0.056577779338853294,0.06287204939931143,0.12788600167402187,0.032202756982044806,0.11825782080707907,0.07465427813790272,0.0004604058245478916,0.004517478936908499,0.0023719962292397894,0.03844241545383787
2.0,240.0,0.11248137195159208,0.13691473233288334,0.09208592712357144,0.04283116895663277,0.03989903004883001,0.24314665334268562,0.000647402293946571,0.004452196633519026,0.001498054485041731,0.06755869351516691,0.056312371021844776,0.06358757928996552,0.12980820488358905,0.032437722952415524,0.1186883689188952,0.07580757583156217,0.00046903436979689087,0.004599463745790356,0.0024607461070061177,0.04027221525664095
3.0,280.0,0.1138488945409774,0.1385540893414422,0.09626917960805753,0.03858886167469368,0.025004572090486222,0.19016009319198784,0.0004801468832146025,0.0028882356907864513,0.0012215093541265577,0.06859370043607702,0.05189282694966392,0.057732524331837724,0.1482201202069838,0.03969451468030729,0.10900410507805744,0.06450045749246562,0.0005003653801143639,0.004724234584131609,0.0038860226955982785,0.038121399049800386
4.0,320.0,0.11186823495681188,0.1350679012557632,0.09943228976263632,0.03402432912557788,0.018469974920178853,0.16885538525634508,0.00039853980938428654,0.0019712914547274137,0.0010878946016654714,0.07493022600082641,0.04942913705157497,0.058082824261686386,0.15645294423582826,0.044968071489430564,0.10102238013818088,0.06158037021780436,0.0004881622552794545,0.005005059728386761,0.00648015751896805,0.03521843790091799
5.0,360.0,0.1012426473394908,0.12032255314433535,0.09057309519944372,0.030845229068471217,0.0162135616676191,0.14807381637593608,0.00028373198682082754,0.0018113074426822308,0.0014095327885617862,0.09976836281638198,0.04573239789869795,0.06291705684795985,0.17165102832372825,0.05850960277251624,0.11081209778115046,0.0804071812142342,0.0005631395815198005,0.00595116812068893,0.010153724338453648,0.0327846632276662
6.0,400.0,0.09869531239690264,0.12293317805316718,0.07299817490825018,0.04554108030756188,0.038080324816643654,0.19382839749524378,0.00060981643913474,0.0037891075957518896,0.004290542984674724,0.19799611420914584,0.029591847497689654,0.08547986950813521,0.11556262693950144,0.04852879011475353,0.15112618035304548,0.12474691220267461,0.0006839423936634808,0.007967594582209516,0.0213375480629797,0.0355856310024919
7.0,440.0,0.06285249945172064,0.07508707834443179,0.04562066831316048,0.040946953093970374,0.028232199581527503,0.13432367660573588,0.0004886076416159777,0.003744961431198437,0.029548242328945446,0.6222377865075871,0.0132438280885671,0.17359491050136713,0.11316778004934898,0.08391387876317478,0.2948167577399354,0.3580933565977918,0.0010159777370803065,0.02289281217454235,0.3113540572918234,0.03474943424949596
8.0,480.0,0.056750722821339805,0.0734381036087348,0.035966853863408865,0.03619286002001956,0.023125727403687502,0.09873129682256153,0.0004934847659904476,0.005632755190406755,0.08048677851534203,0.7950654409947271,0.013649319903781874,0.25494938904793313,0.06510871097470311,0.11591630892649024,0.37373861771151035,0.43592445744805175,0.0014682150516344592,0.05088342173803325,0.7670303068056366,0.04013495627068891
9.0,520.0,0.05587510488384183,0.06567704089591217,0.041473675429106974,0.03665224548490301,0.024220318602921596,0.09586898711598658,0.0006442011758173799,0.00837584013251109,0.11302154135804943,0.8402905422347013,0.0132411451707486,0.3494398252509157,0.0797242352118076,0.1580201395914967,0.45435335385796816,0.5182625710354339,0.0019065266423227535,0.06405302577670768,0.8327804057288759,0.054847357453693
10.0,560.0,0.050751405730835426,0.057339207370595065,0.03956333617771247,0.0343011627417833,0.02358199810191592,0.08965457486355764,0.0008701203529257514,0.011713537158486899,0.13415694535624445,0.8562520364483698,0.015335175829836695,0.47973825070111603,0.10963307176737597,0.18038105948589178,0.5362265934866518,0.6173746193583978,0.002392600179309398,0.09504320406997124,0.8948520346363306,0.06689243081299413
11.0,600.0,0.05017736575430232,0.057603482421843044,0.03622202720349523,0.03342313075671958,0.025175271454205627,0.08504579598610554,0.000870181444632785,0.012389203986361084,0.1580059152714222,0.8655696979347638,0.01825800813833919,0.4904022082844364,0.07815902911234304,0.20914641633787676,0.5053934275625139,0.6109752074293634,0.00247651710327417,0.10143117573514718,0.9198758816026967,0.07388774090909259
12.0,640.0,0.048190398250225516,0.0566578435901681,0.03452217244208218,0.033979060961629885,0.025979514602513427,0.08812817397481701,0.0008575835847989114,0.012735748250630416,0.16790432100951025,0.859247935569673,0.019889961242401933,0.4658417678050174,0.074351470952196,0.2245967760349887,0.47789248847824983,0.5865777382111742,0.0027515434997241704,0.10108698763425594,0.9250675478764016,0.07086678574748145
13.0,680.0,0.04643299102364585,0.05562068471316251,0.03512182996712538,0.03401123225580837,0.02712167028498561,0.08883557965489045,0.000890014051485093,0.014082098998248707,0.18040453710824275,0.8703710892136324,0.01962491694523611,0.4957252183786748,0.07428005568043983,0.23441922501670115,0.49902336828754984,0.613641693011669,0.0028996968504567413,0.10324345671092908,0.9269992989122248,0.07109865918602584
14.0,720.0,0.04581861604423082,0.0561851642004221,0.03471492489088877,0.03490408190772818,0.028361501458973388,0.08946746279869766,0.000934635468971272,0.014343154214881694,0.1981225910727155,0.8772469014146107,0.017684933116570482,0.49182653655154157,0.06391040415418701,0.2403140665162549,0.499043563095936,0.6087700539411469,0.0027940890947810537,0.09906500397292411,0.922862480825482,0.0660750785105242
15.0,760.0,0.03550315438117213,0.042468413898003585,0.034109875884310005,0.03594898438358534,0.026765965474085274,0.08690866994318468,0.001086073568921876,0.014755069094996293,0.17727135667208768,0.8804074250486318,0.013572869578596419,0.5429018294250929,0.0723834704323919,0.21157573298580226,0.5940151220059412,0.6586640195454424,0.0032784079560566745,0.13164552761422904,0.9245518927411177,0.054142388636888424
16.0,800.0,0.03877186697505577,0.04841161209664745,0.03501922499707673,0.04328364093386588,0.03579018193308337,0.09731478206195243,0.0013924724473078885,0.01902654511276435,0.193965236433539,0.8810646005844107,0.011921912210524063,0.5121157242178495,0.05434485447102154,0.17151924857376863,0.6013022776855385,0.6287184740147213,0.0037003338317344197,0.14891757727369356,0.8984210489669967,0.053217874752397615
17.0,840.0,0.04223053060116416,0.053470774940051945,0.03658350468769117,0.048545573522562564,0.040950715230345,0.1062571281885415,0.0015124019527220486,0.02178167186087951,0.20255197361850844,0.8768724390361672,0.011985116023826526,0.4858203414169624,0.05150850669752421,0.15354113569375621,0.601679957517916,0.6180712054865937,0.003970882708122208,0.15413032912638533,0.8724144346886258,0.0578597127919252
18.0,880.0,0.04023531172655151,0.05093093997308584,0.03393505671730057,0.05118439625596985,0.040368720323595605,0.1039389887367808,0.0013463810578322967,0.019767063883521962,0.18164385739423383,0.8746608444314183,0.013369058328762902,0.4704406069524431,0.04116890106016263,0.16718437322635343,0.5692194009682877,0.6050687036003581,0.003524510151795188,0.14422592653904012,0.8731220197388821,0.052822172940281284
19.0,920.0,0.037685479224119925,0.0488813668359281,0.03865498651671925,0.05045205289969243,0.04350981997113522,0.10838765783012722,0.001733714084939275,0.025946951536594074,0.2086407057708116,0.8704413888978934,0.012150661142170683,0.49756310738614606,0.054553469970801405,0.15344054310089167,0.6230409374642046,0.6295894119177489,0.004100942600074245,0.14976654171891118,0.8428673825107568,0.057219949130686655
20.0,960.0,0.04126635476918016,0.053282984137866696,0.03859064382602681,0.049442667903706494,0.04653976731744323,0.10830655287432656,0.0017581283734313638,0.025776906396540174,0.21708639923544035,0.8798864740938734,0.012449557848834879,0.5042297865523215,0.04477495249385412,0.15507792589420985,0.6195135504196982,0.6227804961121401,0.0037408386065639954,0.1412692531691738,0.852930273069254,0.06412392059502339
21.0,1000.0,0.04297267510885645,0.054803192244895306,0.03822025984599773,0.04514251676936304,0.04831636924413605,0.10271218338485061,0.001899961891248295,0.02683215687333594,0.23264313162950168,0.8856501733611982,0.012553054656757167,0.5146049801559632,0.03825473242340902,0.16373065110969415,0.6104519539053335,0.6093571917437653,0.003700202281283605,0.13692379849714714,0.8605630269949764,0.06999413251096458
22.0,1040.0,0.0383788683307107,0.04873026224602153,0.03921707968412466,0.03734407354490363,0.03818604897145895,0.09894724078258252,0.0013684980243808139,0.021617715845975344,0.21843340934570432,0.8827415249611074,0.012545982975681979,0.5322596224358158,0.040943751765732776,0.20530465459061847,0.596018231138214,0.6145735513451361,0.003667986033908932,0.13480459053333468,0.9020624077826437,0.06925979426515753
23.0,1080.0,0.03830060749814453,0.048283879127812596,0.03893933802287534,0.03589974961912553,0.03582989259695867,0.09829547321345611,0.0012654457483195225,0.019576631896813503,0.2198626698698074,0.8870191222900183,0.012799703654212862,0.5303620714271764,0.039261504233189956,0.2258064700712685,0.5867123259496181,0.6123035855847504,0.003608210555354241,0.1301385566265451,0.9110726162689836,0.06431026415063112
24.0,1120.0,0.04074873008954604,0.04994407842442773,0.0373354895423703,0.03406353152418202,0.031122379542835945,0.08947864380399947,0.0010224650155597644,0.01904030070804459,0.21226368981078783,0.880393349518933,0.016377307725748174,0.5155456177416328,0.05173861573708197,0.2705000319772904,0.542540658234708,0.6066532756289014,0.0034890278796790904,0.11299439874424197,0.9218170966827016,0.06306400093888294
25.0,1160.0,0.04685101782900702,0.05566959678017469,0.03734888931009978,0.032446580336766194,0.03934137845149245,0.10167825507009626,0.0012316120462794267,0.015582102607248098,0.24190153846078163,0.8684000583088589,0.023488782326133793,0.40588775527882265,0.03740714018858416,0.2947059470511222,0.4026150964751286,0.49541021306196925,0.0031316807770240124,0.08839341129039104,0.9343484052855091,0.07554757972597308
26.0,1200.0,0.044369139801193336,0.05348719809877438,0.03552270061783672,0.02904654823135559,0.033883900246650285,0.09179388206717005,0.0011695915878657793,0.013221240912343382,0.23560933450309007,0.8663222534962907,0.023437568706802546,0.39841453746176714,0.036593983533767055,0.30633802944279603,0.38023240678366166,0.4751422734986768,0.0028564092013447307,0.08349171531383237,0.947833967243449,0.08453264970935721
27.0,1240.0,0.04950471740915313,0.06635625330452082,0.041355333497681425,0.04028084135642531,0.04869253632837053,0.10253519734456197,0.00175777770207415,0.025209838701182673,0.23752950065661707,0.8809127307651737,0.012445269296789548,0.515754765584975,0.037908823333345006,0.1719905913567688,0.6036101019758952,0.5928854600618901,0.0033532714913085218,0.11213798904448014,0.8644988802214992,0.07395023702207291
28.0,1280.0,0.04636483285533506,0.06222479437753827,0.041506587444868105,0.044116678338376694,0.045270650401632674,0.09825199376678581,0.0015238039024523177,0.025906994524026544,0.2383724601071442,0.8785147074639041,0.011576143472842781,0.5003372399269336,0.04081603463886876,0.1489468372900657,0.628565395084717,0.6073714739826566,0.003730349327402875,0.12526307248397733,0.8462443387392254,0.0779297854834265
29.0,1320.0,0.04844270338166723,0.06626444876118259,0.04236246720182255,0.05097901811180345,0.048704006347841805,0.1066104005326298,0.0016185817575482542,0.026618436334938402,0.2311424792056399,0.8705927147993799,0.010827610174080932,0.45981202914338404,0.03809612375609687,0.13693044841993118,0.6035134561054913,0.582701115060636,0.003996999295901073,0.12432714256627106,0.8023473679594618,0.07375565588540321
30.0,1360.0,0.043034025626385204,0.0539567169341182,0.03973701718494006,0.035058492071397135,0.02987036983062106,0.09471881935441846,0.0009476232349509894,0.020264344254869282,0.19223017138229526,0.8525371417524821,0.0182223369994308,0.45134613373477445,0.0656654702513123,0.28808687054950827,0.5155726673419174,0.5847899543467932,0.0035359117715242747,0.08685031119994645,0.8777922865438184,0.0671376783058998
31.0,1400.0,0.0437920355863895,0.05609915809132209,0.03833193187647281,0.0373111193439689,0.027455790613495845,0.09195186650593519,0.0008436806833952795,0.018874619717376324,0.17412214616397975,0.8420167428898322,0.01809260982526317,0.4342677743847189,0.06441832191271113,0.28002973354111244,0.4937866488307995,0.567009537053734,0.0033587874553320392,0.08136433522623114,0.8697623819802808,0.0663408139994794
32.0,1440.0,0.04888568042427014,0.06334809964847524,0.04063405967645437,0.03760442445095346,0.029893023741542877,0.11039926307256467,0.0006521241361064035,0.01392378395548297,0.092052897359497,0.747424024794219,0.013862108291927973,0.2769463262370547,0.06862222068786192,0.1662316505136835,0.3865687074996186,0.41438713468523275,0.0022904019502701313,0.04564654946679173,0.7301097165827021,0.05054985924988195
33.0,1480.0,0.07646508833640216,0.09471008759940887,0.05884835835037345,0.043249576499399714,0.0329925048413667,0.14071639801503116,0.0006814330761954765,0.007937554263721308,0.010506564791165032,0.3033887694278895,0.025746353110394096,0.14099338033592848,0.10226783699400978,0.0813138789132183,0.2259619095919099,0.19090437418409067,0.001078231935627324,0.01269245880955161,0.11229628058161706,0.05228996242896624
34.0,1520.0,0.09328486206994031,0.12318720071905043,0.07978694989335254,0.04426609043820974,0.03669677674671471,0.18458552975645837,0.000859627986000223,0.007981991891654746,0.002152700498897744,0.07361216325408838,0.05896185750881575,0.09070984044796249,0.1531962323591416,0.035660371683993004,0.14350558837153035,0.0821825440202239,0.0007011885276766354,0.006321976980212427,0.006579725014427187,0.05034044863960604
35.0,1560.0,0.10105979116522243,0.13104950041013222,0.08727393232536543,0.04804955738249824,0.045728289283322114,0.22689753356741435,0.000963667991199605,0.008212816997011978,0.0016920730420691503,0.05702723803324151,0.06375195506431611,0.08213263962378324,0.1390542721745565,0.031158511925845782,0.12090915035931661,0.06725140232975167,0.0006373586841051761,0.005475024087159242,0.0034250664200345814,0.053800213586435316
36.0,1600.0,0.10090717014210085,0.13176173344243816,0.0852003263465806,0.04759865650918156,0.043979863899883995,0.2274548663276959,0.0008518774990439531,0.007434654879280081,0.001527887102802944,0.04915344430598584,0.05948479814106072,0.06970951553891581,0.13184187570232878,0.03191723541047239,0.10662093688292129,0.054555423732335684,0.0006578162376020305,0.005444217045154654,0.0029321374472606947,0.051650303602810005
37.0,1640.0,0.08688081446154304,0.1175486605060718,0.08905763430361395,0.045920824509828234,0.02854031814302301,0.1853374979314381,0.0005936523954424739,0.006056035579109543,0.0012946918993840082,0.04951373343706832,0.06416992767752056,0.07741140892445919,0.2029839357532903,0.03804932852087261,0.13359183077352854,0.06779508566508081,0.0007986601492604464,0.006722725101580769,0.003458677923372235,0.04055658464750059
38.0,1680.0,0.09317448859545586,0.11756403683351949,0.08750641887008355,0.044765361925504864,0.026639766404070113,0.18554155370271289,0.0005125307574505091,0.004162622715619595,0.001225972076515674,0.05741970416021219,0.05164877087183228,0.07153919900863122,0.18974506256997736,0.04035218851533111,0.12552201894817105,0.06493386275221237,0.0006689228929102161,0.006158306110570361,0.003857296237468141,0.033344687717014085
39.0,1720.0,0.0928526945376966,0.11620848709892093,0.08744697433904072,0.04479586601670288,0.02564220736938661,0.18300869761062305,0.0004745120276153703,0.003487064357195221,0.0012063779954109475,0.06036665330119317,0.04575389300179962,0.06684822399784716,0.17894804415865784,0.04007761845884958,0.12029501328521316,0.06255514916512189,0.0006393279325718883,0.006058745873875264,0.004173662940518475,0.029638609484597463
40.0,1760.0,0.09469177914359558,0.11899470856021721,0.08649062248979943,0.04514590077948597,0.023224796108721683,0.1747939237816228,0.0004273389215662665,0.003386692206378614,0.0011663208902375284,0.05724782334272973,0.04662010036738907,0.06480172422950135,0.17793590264003953,0.04208110257896258,0.11683624991381215,0.05955284935417591,0.0006490727253436537,0.005934242741417681,0.004200542659875824,0.02909288527785737
41.0,1800.0,0.08529649900871288,0.10949023461733871,0.08407535530486288,0.04400683176333594,0.020267379923106968,0.16731898282946858,0.0003998197400104761,0.0034763654764290823,0.0011674655861760705,0.05762276702562498,0.04609457505555181,0.06884739976389552,0.19323420789073054,0.04640775459689438,0.1223097486635894,0.06350025881501353,0.0006946098131231871,0.0061089910072296034,0.004780498595548121,0.026594024638507716
42.0,1840.0,0.08169151473703064,0.1046795435280139,0.08232999649312431,0.045036764194316556,0.021592737030293123,0.17232931608363203,0.0004074067338074637,0.0035906774744633167,0.001186730944805948,0.05941548518970006,0.04298440555881698,0.06755139693713189,0.19912827853171403,0.043635444003349996,0.12827386326029616,0.06624115103992838,0.000693187624748003,0.006222441385060656,0.003934134927396612,0.02205676116894979
43.0,1880.0,0.07757586764214812,0.09687977179918227,0.08775629604594808,0.04285260008195896,0.019810872812651377,0.16485477377702082,0.00044700861783128113,0.00329691523366745,0.0011985425247528496,0.06546714455294533,0.04089447940486124,0.06773607615471967,0.21934714084216114,0.048844371594335884,0.1322507042813069,0.06843738523220004,0.000729555721404326,0.006615457095686246,0.005806449028416651,0.02356306970514277
44.0,1920.0,0.07939847496903492,0.09957368553625048,0.08852211414675182,0.044949508707290003,0.018845140017183282,0.15948151249709788,0.00044088171998386827,0.0033454262888150273,0.0011817711471092862,0.06438742630226396,0.04133347677336912,0.06705290595785032,0.22202587405489785,0.050796345548457,0.13246683728591227,0.06719978286519626,0.0007904397553582668,0.006880880785095825,0.0062124281443949195,0.024042295730252117
45.0,1960.0,0.10184425023113913,0.1319013769954998,0.08812182135734307,0.03624310486111201,0.016320386408734348,0.14716602496018183,0.00036078107768659957,0.002687773611607602,0.0011428791823844223,0.06793404910802206,0.047246840114260856,0.06111898973700262,0.13358017131821112,0.04867799267324739,0.09665837640196555,0.050227991338608446,0.0006096391415749316,0.00549716778573395,0.009098380151483699,0.02902243578648435
46.0,2000.0,0.09519387623880937,0.12029534733317604,0.08842143927831358,0.03228547194217229,0.015457953400563738,0.14151521134507505,0.00034855312930540165,0.0021848204629988212,0.0010997579409553486,0.07568506947306575,0.0453336294038721,0.05898723605628314,0.11659878420045236,0.05151961155000224,0.08535515415703125,0.047633809111374416,0.0005472047664023565,0.005527801985067454,0.011321656102942302,0.02973264937089487
47.0,2040.0,0.0977688812598168,0.12307033074321365,0.09033570374247488,0.03539062003557229,0.01459351540852175,0.14173723333258811,0.00031918379628473277,0.002197652910004118,0.0011212292281789556,0.07622439709440516,0.046701506251871375,0.05898350327491418,0.12012273681432188,0.05598693901097848,0.0861948529601403,0.04953054253753497,0.0005850514067247675,0.005767775056515351,0.011694109475183019,0.027542785116148927
48.0,2080.0,0.09760318553264755,0.12159349242330701,0.0910153469795366,0.033199380957807126,0.014135915529942979,0.1336444837724465,0.00035042639155170814,0.0024214717439623415,0.0010463383969939969,0.07932884194228948,0.049299964846353114,0.06380115641551581,0.1180940162675307,0.05290864936422581,0.08922498896051101,0.05054395762076401,0.0005938941208876164,0.005660036137577795,0.012503042315196633,0.02843287297664189
49.0,2120.0,0.09277364093027879,0.11640395239322429,0.08842055429414933,0.032758804748879065,0.012973090415839838,0.13132459368052354,0.00031498429794688454,0.002023175668490267,0.001078506919813415,0.08095895008998384,0.045508674055500235,0.060326060201260384,0.12174950540367957,0.055435098366065055,0.08837198093519584,0.051624709945020456,0.0005659117293825349,0.0058079577197038485,0.013579754656573566,0.025879058875502473
50.0,2160.0,0.08446007322865436,0.10895081178514798,0.08522675171638566,0.04612364657326734,0.015943103121979076,0.14801110181833882,0.0002969378469176545,0.0026602555206819427,0.0012644428757451753,0.07331569110125273,0.041273088340418276,0.06512390024839995,0.21392044147016803,0.05447957279648493,0.13238181734389465,0.0777357067497463,0.0006581039296138238,0.006115003742502113,0.006476228430180749,0.022716993385041958
51.0,2200.0,0.0763994220035978,0.09793443976220187,0.07753757463237122,0.04361990244067039,0.017417928295148828,0.14107702784166348,0.0003580265176443166,0.002591618892093376,0.0021275091519055048,0.13286003983521547,0.026240676340267322,0.07454950480517776,0.22986535610545997,0.05004938183091994,0.1575622890349219,0.10400395397006705,0.0006566681668728114,0.007805836162639855,0.015668229746151844,0.02219427480537713
52.0,2240.0,0.06697847287631925,0.0806006136691908,0.059735158987278304,0.035650395644787135,0.014661219957451807,0.10327935866961019,0.00034577062239903603,0.002000822988745102,0.009499645634658778,0.4398365421588055,0.013825204570781215,0.09329604170083702,0.13337928428230791,0.07937981779089763,0.17790703599308014,0.15017719022712434,0.0006263533103424339,0.012344617713265156,0.31008376414874905,0.025760237220750614
53.0,2280.0,0.052214927394869194,0.06495746623285933,0.045186302744343224,0.03913461931427369,0.016655641320855008,0.09555774954007955,0.00032079573055688947,0.0032415651203834255,0.046576175139530815,0.7190451320135801,0.010082278813863645,0.15510242033571484,0.09656207112861163,0.12206412244842348,0.261869935040718,0.27729710323189843,0.0011771121455519623,0.027220628602682435,0.7487651689081879,0.027442608078874293
54.0,2320.0,0.04008816922685815,0.051174985768519574,0.033565865473564584,0.03182448702430965,0.01704612266533353,0.07776495469400184,0.0003949288558532479,0.004296313968453795,0.0961195260187021,0.7932618483055962,0.010885032145105129,0.20580220606645241,0.06805697943446441,0.17617061280423174,0.2673216190980509,0.31416730066939536,0.0018218692153322783,0.05093586262430285,0.8909755657479204,0.042631220011802896
55.0,2360.0,0.03915583583559968,0.04719114564195031,0.033395235457225024,0.03372105509495303,0.023426017812303905,0.08373756141146618,0.0006197162550099484,0.007195450088880306,0.1438984923809568,0.8142120134147085,0.013950106562964408,0.26393791513635323,0.061895782121582164,0.2251475652637934,0.3093266130033359,0.3628416341733732,0.0024673256361034636,0.06550114300275477,0.917038510479661,0.052214506289896094
56.0,2400.0,0.045430057758775226,0.054731745519397315,0.03580273501741842,0.04098206485338353,0.028756008674413327,0.08731710361856038,0.0007611144210861854,0.01169070917927797,0.1851367833948844,0.8597854477114575,0.015324618473308736,0.3794489068597062,0.059068742017114755,0.2262905567422291,0.43336478433434134,0.5175759993663696,0.002535959500903527,0.07856653448964245,0.9101380719871467,0.04496722274579023
57.0,2440.0,0.029129185225114443,0.03662867235820129,0.030231231556372588,0.04973176603563358,0.025829836250689794,0.07776928566312676,0.0007703769731159455,0.01261802955788453,0.16579388530048453,0.8603727884762314,0.009703000797419212,0.4228864275021855,0.07627702449347656,0.1950472678746592,0.5251538444279604,0.572601797852058,0.0034564874766494108,0.12075766540821227,0.8812916317149183,0.035891912657691066
58.0,2480.0,0.04194160950412786,0.050207764099326264,0.031182119664695716,0.04172282089726879,0.02521431802701031,0.078490222686986,0.0006414007275778218,0.011566266850147645,0.19214873367487376,0.8630583596331642,0.01290814359067999,0.39839400301185157,0.04731688632431284,0.2379373598024611,0.4366919403862164,0.5295351941046578,0.003033296201811097,0.09631077636256408,0.9274425019043371,0.04491971745805255
59.0,2520.0,0.03090235793064142,0.036399017398842375,0.028975775102098516,0.050475372724479564,0.02648270030061,0.07371101990279819,0.0006268184270591841,0.011928125221426698,0.16863218652115566,0.8707031516335594,0.009741727476897164,0.39838584525191717,0.04470859818780702,0.23014558518149836,0.5080891917221859,0.5757798685487168,0.0036459053961026876,0.12742781318675606,0.901809918124911,0.035307307314945954
60.0,2560.0,0.03208280604837972,0.038521655921054374,0.0280290053200905,0.04770442523965455,0.023081097691478782,0.07040626504406645,0.0006332865040677788,0.010991938955076736,0.17084475480372868,0.8647467718720829,0.010234506389582827,0.41274300747573833,0.05259802955929981,0.23119982634104205,0.4842587267601277,0.5648959756496541,0.003155757805160145,0.11125662342601551,0.9081748656244546,0.04119780826313438
61.0,2600.0,0.0336506656418821,0.04052694493708591,0.028212235129768375,0.046651061908726234,0.024262501733893962,0.07014972491193268,0.000658093098277377,0.011460451351341336,0.16624821928856817,0.864847932502659,0.01087241136945372,0.4121195305405133,0.04863711708837495,0.22660484531862043,0.4723125436783169,0.5568179063025721,0.003061717334288157,0.10676695835332964,0.91034036194962,0.04187036056566461
62.0,2640.0,0.0448453745438268,0.052960596606313,0.03254317211101347,0.03184867586311686,0.02847579169339432,0.08752612491262327,0.0005793070374960614,0.009162962919924845,0.17022609908869107,0.8191430185264007,0.013314071791262323,0.28232527521768747,0.048726699612199095,0.23646900176802402,0.3241511767271284,0.3992618427883418,0.002534088278673012,0.06669331213366617,0.9086020008224902,0.07355810414164293
63.0,2680.0,0.08046199818277189,0.10530861564040607,0.019835641178224842,0.0012601518593159501,0.03620768504310064,0.09915285349679402,0.0026305831312764725,0.016028049960127425,0.43316006576891036,0.9009164613682551,0.02080774530802757,0.4118142513797956,0.01648025846014392,0.26698082718988947,0.5140362459198874,0.6494411687514186,0.003338560075481672,0.09732185928899256,0.9580072933448768,0.804922347717005
64.0,2720.0,0.0864068807254018,0.11487663579745344,0.02028431589227247,0.0005041727303528808,0.01887158026463307,0.041544289544538274,0.00474252953719746,0.02012782014335947,0.459291943555042,0.9136035195420409,0.018773665719721944,0.413171492717557,0.007898083859286194,0.32131122875283824,0.5854862164554301,0.594956771944524,0.004488359478881322,0.12070323501055039,0.9792254491777382,0.9645968493923186
65.0,2760.0,0.0972141109430684,0.13719865025426065,0.0218186013268004,0.0026330342813325365,0.06355914620563068,0.17422783959099175,0.003290540740938946,0.01449138907474609,0.4588118649037908,0.9056796926851757,0.02061107750183152,0.4456650684679756,0.009486595971865509,0.21560290194715992,0.5901525736922286,0.6254523515820796,0.0054406779544099145,0.18054295536323167,0.9668806469862291,0.6874525317866016
66.0,2800.0,0.06401527028711954,0.07587304470005973,0.03837273997403691,0.009984979239205665,0.06940238743110559,0.1727439079806297,0.002283314935211713,0.017865253388588617,0.326021955235032,0.8779227870382087,0.014182096196858524,0.4284401717250469,0.03152981109603659,0.22785967500976903,0.5144780472065809,0.5745326833426492,0.003505212947326814,0.1064893114563262,0.8935100094868355,0.2510387948291747
67.0,2840.0,0.045456026487356783,0.05227959827391737,0.03462381370925324,0.02053711458204726,0.03730145834479455,0.12032147817436008,0.0008652592144773713,0.00984506519147325,0.20328827352944145,0.8444259777106523,0.014340224674825215,0.33759663000199547,0.04541557332695977,0.24585046860319876,0.4097865218129043,0.4711251778176549,0.0028658973485975823,0.07846409920517008,0.9184848233208973,0.1000508981297045
68.0,2880.0,0.044070168902352984,0.053207572078361444,0.03233636582019567,0.03509241967632014,0.03240486422348701,0.10682189109431194,0.0007168163569930917,0.010773807687471498,0.20006688544341475,0.8626355200261602,0.011396106937694576,0.3913414077941666,0.047879817911535894,0.22629968798558428,0.445346895627082,0.5183408285173292,0.002836520397315473,0.08703186225215279,0.9072290851731457,0.0582898349947314
69.0,2920.0,0.044699021167139474,0.055013793034976256,0.03197342104644279,0.03653226478744238,0.033364742134489776,0.10569416756391732,0.0007886795990857794,0.011369295576811444,0.20174783363299084,0.8619934886697862,0.012047863411782583,0.39619244443820534,0.044616074897038026,0.213399851660638,0.44207893103455936,0.5138079673372608,0.0029076535234072295,0.09459749845634345,0.9133283766113826,0.05871614339001249
70.0,2960.0,0.0437179587813659,0.05294963895807697,0.03291393714967253,0.03734062984938354,0.034096096367736244,0.10716091297686828,0.0008105936359031011,0.011757816631937635,0.2003427284373264,0.85995204382584,0.01159627409281716,0.39375567510768905,0.04611204243489166,0.22146191516266858,0.4374830353151843,0.5022452143976107,0.002894088138239833,0.08902875649179813,0.9075282644405447,0.05801477414068075
71.0,3000.0,0.04724860705795267,0.057003064803670594,0.03407567206249827,0.037116629020654275,0.032809879422477706,0.1068870283004163,0.0007043452680897677,0.010312640538454237,0.17205087651653328,0.8347396304786678,0.012318474371985608,0.32868802099355193,0.0476983029871025,0.21785141751952924,0.377234319302608,0.4443220236505968,0.00252304042182206,0.06989488794034533,0.8948320814278028,0.0567303023848341
72.0,3040.0,0.0474366565419003,0.057253601209219684,0.035263326543418176,0.03872538886378643,0.03258069954402129,0.10799107408803345,0.0006617352112708743,0.010291518902559476,0.17500608339535356,0.8384308878982516,0.01237492809588968,0.3242418810319227,0.04257216351418044,0.22831934583445943,0.3711974480976478,0.43582207384985955,0.0025656474219195625,0.06800454316230072,0.8961539918847701,0.05543381919771642
73.0,3080.0,0.04818532460932046,0.058876535211641746,0.0354091502997412,0.039683383302103845,0.033460980893817285,0.10624907365435535,0.0007466626994742451,0.01164012814138253,0.1916792228186555,0.8546431567008388,0.01223345103137154,0.3539357766346244,0.03872247681775074,0.2096944655295576,0.39752954597817336,0.47431990724557155,0.0024807778327084196,0.07332570622063858,0.8921116206486569,0.05372429243566113
74.0,3120.0,0.04835205024331116,0.05864648823648092,0.03709170011093567,0.041155575821087975,0.03557013787962347,0.11434500366376897,0.0008329835481852278,0.012093102658459639,0.17463545148038304,0.8434771814653552,0.011253380732210742,0.3515075847968649,0.048934214018832536,0.196825278070005,0.4037740267428645,0.468775318678378,0.002468544690045792,0.070007552481006,0.8549281825717583,0.049561771942702476
75.0,3160.0,0.04676094558045449,0.05767767338465302,0.035079428319382,0.041254747257966934,0.03337952932145509,0.1043522004124603,0.000704502936292534,0.011211837494943373,0.1703944525628738,0.8429771765143669,0.010932225817153758,0.33958555559187603,0.04339195796368243,0.21259573610152305,0.38038338513578357,0.4547774049763163,0.0023933970012621868,0.06845170139520976,0.8683365700522718,0.049165222594847104
76.0,3200.0,0.047414930865404784,0.06135010445046295,0.03735348852829422,0.04494623298718997,0.03811848029970058,0.11623931772035348,0.0009003953319491159,0.012407676298137134,0.19312949733491674,0.8664978009960865,0.00851916658151936,0.3940856941189497,0.04010810571757322,0.175267183795464,0.44680858394669326,0.505049617076546,0.0024177151083884752,0.07552091803713644,0.8433200572446055,0.04463410845307626
77.0,3240.0,0.047193836311442174,0.06105019339878022,0.03783914751055769,0.04328959745367502,0.03503671407139093,0.11041298542341696,0.0007538717387904387,0.01173197510015746,0.17542003267268108,0.858564386784869,0.009863529017556211,0.35421264025872523,0.046376448957836436,0.20034242061433571,0.40356635215334774,0.4884103875855402,0.0022093391310064473,0.06129478806736635,0.8371357245326357,0.041956446930903155
78.0,3280.0,0.04466367229273822,0.05731074266934617,0.037591155054527196,0.043537187112960646,0.03362360379680156,0.11185371367507502,0.0007853635754431533,0.011397841940408122,0.17049132395377647,0.8627527496037034,0.008954234691481131,0.38525330096141996,0.05391049790824035,0.1959917606439752,0.44196037629606805,0.5188729925957853,0.002239060907708128,0.06735826929073765,0.8408686252135664,0.04285977234050976
79.0,3320.0,0.04312607800448361,0.054062558921149494,0.037651966992919006,0.043590322796853785,0.03632689938094932,0.11995412158579237,0.000948480660886627,0.012958585894311278,0.1688102991729087,0.8540159730301052,0.008731364177948595,0.3902220362975155,0.0568115843381284,0.19481140437738892,0.4432125455913567,0.5143529636672239,0.0025210834496095704,0.0744001495476038,0.8312703349528289,0.049724917283264905
80.0,3360.0,0.03579477634385668,0.045687761004195124,0.040707077803260126,0.04291086701773314,0.031470296584190725,0.11250855770471004,0.0008646201666163222,0.012423824832257627,0.18390481511026843,0.8726408115908838,0.007141998917889282,0.42286982241073723,0.0480170117782882,0.15735708791177258,0.5446990155338198,0.5736072151066707,0.003082171377048401,0.10056924132179389,0.8561041282490334,0.0502669357624299
81.0,3400.0,0.03604096344071968,0.044862167332290925,0.03938166992658156,0.04181391765904006,0.029485119190317096,0.10681186100169185,0.0007728187824825537,0.011406852068506177,0.18340427149069788,0.8757251891925091,0.007411134587894309,0.41761090090966163,0.049444525606473715,0.1792192192535808,0.5273434486499481,0.5728164520134106,0.0030584397932954064,0.09730845273340119,0.8675862267644681,0.05064634052246123
82.0,3440.0,0.04075239967562533,0.048998177980053285,0.039172114472632635,0.04268565476610108,0.03261521148209272,0.11684803294329651,0.0007839853330614883,0.010920523349182256,0.18499011336866553,0.870645678854381,0.008870983745931966,0.3980732449525812,0.058125186987981456,0.2050089455878881,0.47479299473936815,0.5478393143121993,0.002659317674163152,0.07871434538659272,0.8713027261169879,0.05452612423127583
83.0,3480.0,0.04660101085902229,0.054945180572005224,0.03949333680919212,0.044415262738764484,0.042515308175343776,0.14872321086818632,0.0008859180362911929,0.010202405240137786,0.17484642984582244,0.8390442000899085,0.00992144230349416,0.3004209468779926,0.05180827059670528,0.21069759744250854,0.3764608397472423,0.44421377410180934,0.0025544595315995116,0.06152731644971062,0.8613963012260595,0.05609635294447243
84.0,3520.0,0.049626409840146865,0.05816627044043348,0.042235016161752105,0.0432013075259849,0.04714903962522404,0.16967290729858295,0.0009382636038631815,0.009633831589329166,0.15570247480916666,0.8147514254615579,0.009605974915832554,0.26523123769916124,0.05737126273016595,0.1885061915050081,0.3405637179313083,0.4015957289819895,0.002377285492628429,0.05467091173486142,0.8321437063904467,0.06453218239970654
85.0,3560.0,0.05249316177663572,0.061302448365430785,0.0430942599402774,0.045620309781025846,0.04722194894758336,0.1821078771104727,0.0009722655219965212,0.00935916367978384,0.13634482399052625,0.8010939810201961,0.008668154999022027,0.254161258922399,0.06344983837387781,0.16400376844244202,0.3271868002443238,0.4005435162145802,0.00218266010832216,0.05206514890807952,0.8013156170271761,0.0663730396830783
86.0,3600.0,0.052168299337598964,0.06162494238171212,0.04565077067540171,0.04787013358790316,0.043243023340373755,0.18503338472224973,0.0008547349264787212,0.007688938748490876,0.12093805169795538,0.7966591288725117,0.00701395397023014,0.23454326428790262,0.06592744342577984,0.15063502913690704,0.32735885321121694,0.38962078794385363,0.0019206436893401623,0.04439883908558322,0.7629941961888407,0.05786403724025512
87.0,3640.0,0.051368749944443355,0.05903825259951415,0.04408146801096621,0.04493686662576694,0.0389509267637536,0.17689333901368923,0.0007563010996589277,0.006425635012051888,0.1114968998597211,0.7970764515011816,0.006781407588505884,0.21706340057541845,0.06318376877506177,0.15631064741578682,0.30876653073675986,0.36694969310805875,0.001807199886318077,0.04245328070152877,0.7775508457719871,0.05788880765799691
88.0,3680.0,0.06412116971279987,0.06978615077579814,0.05910043674871878,0.042592743239397116,0.032414789057440094,0.1710438516446661,0.0006378771109245814,0.004226416286680386,0.045825468807333895,0.6760675688061338,0.006994866097300706,0.11736015759461585,0.06386969073949961,0.12332940465617709,0.21099894563954896,0.21421119430409563,0.0011818813123951203,0.019542479850653407,0.6068415643333237,0.04944012657029202
89.0,3720.0,0.08825471687545731,0.10142183197988129,0.08620957748965018,0.04394338542360478,0.0501416376180507,0.24614009853418956,0.0011740882292417397,0.004043264309824577,0.005809038765446143,0.23054978494881156,0.01498907236662309,0.07814477106809055,0.10736293359341145,0.05668890976750948,0.1430748044662336,0.09790586567042515,0.000621824091948278,0.00674047626371686,0.06407746685214281,0.0445186782196241
90.0,3760.0,0.10306614249142182,0.11974078660809272,0.0910152220804134,0.03593905424804039,0.03440752926234584,0.21818297095036346,0.0007602998620744459,0.0035408108073944284,0.002846565903051576,0.1329878664559722,0.021567282503677777,0.05167047512201661,0.08954944880305689,0.06246423281156357,0.09096479814866798,0.047675977430543214,0.0007105201448762363,0.006655253247543696,0.045347173952706515,0.045696869402818724
91.0,3800.0,0.09690768222317607,0.1181262667654325,0.09198931150336649,0.03151832177656138,0.027704953931922172,0.19365016004152408,0.0006714259544404323,0.00319683218726784,0.00155173192390146,0.0891441624370226,0.024938281158108817,0.04651834712660144,0.07952870519561504,0.05557790722701843,0.07528853645325218,0.03844102542188579,0.0007857432103140741,0.00653994949036914,0.03165349962353501,0.04893225953461518
92.0,3840.0,0.09921611520359923,0.12045400888184273,0.0968925611843566,0.029564846846152536,0.02561348102618187,0.18069699952741827,0.0006767304152633616,0.002906776683879377,0.0012514638148901373,0.08356935852242403,0.024989874252587505,0.046589487567596795,0.07382197148940714,0.04676225476376189,0.0756679618920234,0.036925348912563896,0.000784533413345077,0.006738690235888295,0.032336194041105326,0.05368089653619243
93.0,3880.0,0.09658921718323162,0.1186289479536863,0.10139297998190204,0.046368813820031836,0.03323284128210326,0.22099787196133597,0.0007591325415276282,0.004029803659644583,0.0019106323354615331,0.08611983865104496,0.029042817115741477,0.06405906528831103,0.15451555058746103,0.0372528842236933,0.11682133849531824,0.057582773871590824,0.0006431516516260396,0.005710296757662109,0.012033046002543403,0.04887057168577829
94.0,3920.0,0.09890936368918116,0.12647668292448974,0.09774415071826797,0.04753261296414775,0.03264191383936974,0.20637783175325994,0.0006977633689641675,0.004174603102502848,0.0018880024701986126,0.08370509204331313,0.029774638979181617,0.06267228989097125,0.13661573503777882,0.038467738712356224,0.11624201062674663,0.05353477150943562,0.0006255294611725859,0.005394132246381799,0.010091748453187013,0.046094128494702964
95.0,3960.0,0.09349039686549236,0.12255017718063907,0.09548329663212712,0.05168422291654233,0.032761005258310036,0.2129635618179322,0.0006665125212262486,0.0045974610036165365,0.0017799923049386177,0.07596293478778368,0.031168639250440843,0.0665716456128066,0.14632825322102386,0.03683752892672697,0.12276606050765028,0.05612963077477307,0.0006341904944983851,0.005496156460203909,0.006874633658571277,0.04007043827700389
96.0,4000.0,0.08913783288791517,0.11242604529398384,0.09248880617429567,0.045724013342601136,0.02819035172806714,0.20456750472711654,0.0006467231903954729,0.003995397645236634,0.0015818295984412266,0.07336352138642736,0.02939223002245088,0.06123065043721197,0.14824739541440082,0.04034266573702253,0.10790894842156332,0.052570228682137975,0.0006446317913987539,0.0054832625501393,0.009355911794890523,0.038658271129460325
97.0,4040.0,0.08478187372445169,0.10324555333578446,0.09014697320042205,0.043884851853234395,0.02425032705054488,0.18798017069850867,0.0005381419213752538,0.0033789058785925266,0.0014652441882523676,0.07874249642425649,0.02695335269232229,0.05834660441997392,0.1696239745271733,0.047921391539339116,0.11152522388916597,0.05687477458583446,0.0006668186468227564,0.006225426067590837,0.010805110865356066,0.0321758634094542
98.0,4080.0,0.09483754619159311,0.11925088135835471,0.09038143562811525,0.03823513541801275,0.021308105671743835,0.1758479392472068,0.00042444238702874366,0.0027095787125808193,0.0012394731375923451,0.07341733679246236,0.030233509023438937,0.053286002717335905,0.12782646900137568,0.04273531592216078,0.08902771019157231,0.04641213996220822,0.0006011324367735325,0.00531421442771033,0.012199469908900334,0.034213901546299955
99.0,4120.0,0.08225624017765056,0.10318618895269727,0.08811436638252217,0.04232945172781421,0.021005859946767555,0.17445376743328395,0.00047726588370014577,0.002960655379660037,0.001231862606733967,0.06890702408875359,0.02538775671900425,0.05565883294225101,0.1641415753388885,0.04363936172315465,0.10030076176775984,0.05140092845356825,0.0006286889016229325,0.005592284799258314,0.009546793599857124,0.033489888749550084
100.0,4160.0,0.08306991504882441,0.10423646527612157,0.08738572751189556,0.04411364570066568,0.020177257617094702,0.17216154058618313,0.000449649559109812,0.0027019732347786634,0.0011740354393928569,0.0667542826420786,0.025315551894240538,0.053085328528673696,0.16176635664621147,0.045265015443975286,0.097645381065143,0.05025011266560527,0.0006445094362188684,0.005751537757742534,0.009679323335352128,0.029408953236497913
101.0,4200.0,0.0960616868014535,0.11856519236151866,0.08976272767183781,0.0414561761947332,0.02318921729040881,0.19092960204398923,0.0004434913465765894,0.0026058982246483847,0.0012164550719555684,0.06543677148769908,0.027814439942393535,0.04966956342662667,0.1395969763505819,0.04255440030349681,0.09054056525240974,0.04671803101848785,0.0005840780029602197,0.005277513196696648,0.008387488936908733,0.031254451301856875
102.0,4240.0,0.09480531675955649,0.11634700569285339,0.0895961876213571,0.041388547713480967,0.02457788603098032,0.1996173405026617,0.00047968946411987263,0.0026734127414382437,0.0012804925441563882,0.0680226036020185,0.027894565476311105,0.05181831715073271,0.14234677594918935,0.04229505989189755,0.09678569307968662,0.049061568118775795,0.000577682596493899,0.0054196985463792115,0.00867917231485041,0.030596844528995526
103.0,4280.0,0.09939305578972531,0.1284027229882883,0.08686520237374576,0.04021597153494654,0.017709889545437663,0.1545163394969746,0.00033481972091401895,0.002295578839189668,0.0011102231626670402,0.06800755292685676,0.030956311865377808,0.05212325662400489,0.11660072094126872,0.03970135819698328,0.08561205558685701,0.04449253153391338,0.0005200284907952669,0.005011628156737448,0.009794387396524593,0.026923607991243905
104.0,4320.0,0.10088719965940116,0.1288016992816705,0.08809363660773886,0.04411750019429243,0.01852314566116506,0.16267574764374454,0.0003187351528864991,0.0023535251759665026,0.0011901123193484896,0.0669993173863367,0.029411068773115837,0.05050887747535988,0.1176111875325885,0.043429481873797166,0.0872328784673196,0.04534360922408623,0.0005390908675174997,0.005148725456990556,0.009167694118957289,0.02675123259187689
105.0,4360.0,0.09490864816453387,0.12053746649398726,0.08806980281343674,0.03612197615619562,0.017331812001255335,0.15609890955002223,0.000349824979809815,0.0022976266861124716,0.0010919170059901393,0.07012519956550693,0.03261793966413569,0.053207834807728366,0.11680062385244369,0.04018055705550546,0.08421831299168483,0.045200208128342356,0.0005030994013065894,0.005030436896377833,0.010756943914645387,0.027839003823626626
106.0,4400.0,0.09911354608449878,0.12283902098318744,0.0921980254100015,0.035439801499705326,0.02001769363414098,0.16952768846143076,0.00041797276556262763,0.0025033453968927697,0.0011214425983601163,0.07149806038899352,0.031804516504575706,0.053843602568057966,0.10904826027882861,0.04005213439231457,0.08426225149199316,0.0444277882100785,0.0004892405089772307,0.0049297546075784265,0.01116579890961627,0.030593693907970027
107.0,4440.0,0.09851307893082523,0.11980262808690127,0.09876423885391941,0.032365134075700984,0.018869389919948437,0.16237006366925733,0.00042783846340591547,0.0021930879691125335,0.0010494991489933944,0.07568725857804268,0.033218751541088186,0.05531043119990416,0.10808361381498693,0.043243659307332115,0.08049862272325381,0.04495538907771595,0.0004984422727336534,0.005287159208787801,0.01483175176844547,0.038343529242937574
108.0,4480.0,0.09604181026626468,0.11447804090938572,0.09799766376557745,0.03181691844475841,0.021222428435907145,0.1780539166478957,0.0005118694630947806,0.00247031216802337,0.0010817754185067547,0.07286078674694214,0.033412677357313604,0.057233884642803344,0.11858181702969789,0.042186276772537744,0.08575144199874206,0.046131062118690905,0.0005084401584956665,0.005148309299291392,0.011974667366733622,0.034773592048584885
109.0,4520.0,0.1000282612517858,0.12194357007926586,0.09958420697362559,0.0326373464301599,0.019210639691782105,0.16581666472881101,0.00040352942201740097,0.00209348485988819,0.001013914352565811,0.0713848734386754,0.0336881211073208,0.05104263955457509,0.09934517780246248,0.0416552475109891,0.07599822041293514,0.04189950738144133,0.0004667222171848324,0.0049185187464490495,0.01203108497679545,0.034632053637467755
110.0,4560.0,0.09723228849237874,0.11740106533411322,0.09698708120727859,0.032345162088409006,0.019389188089985153,0.1708589865678526,0.0004482679827836362,0.002295189099349528,0.0009939557158706812,0.07409158664836324,0.033240726295127684,0.053028854744234785,0.09984976013761923,0.04187048169519968,0.08103195247822349,0.04434191368294765,0.0004880015656980329,0.004867898236029039,0.013100219179769276,0.030400270459781203
111.0,4600.0,0.09701939571019927,0.11673184805666469,0.0955757925267446,0.03265719791600178,0.01813389064992685,0.16479894504335982,0.0004006477523887653,0.0020757538596288595,0.0010955576804820533,0.08614429662755652,0.0328908962910548,0.05592979267911439,0.09786095257812182,0.04804257707818827,0.08640250380805094,0.04874025166214376,0.00046637149040334167,0.004924048755903611,0.01647996927065844,0.027269813335584876
112.0,4640.0,0.09661498050397578,0.1180612160727782,0.09571023208698623,0.031447990998546026,0.01782357829971977,0.15654454507218876,0.00038501653975821204,0.0019666429358089262,0.0010248368774762801,0.08546315545138998,0.03370237617389743,0.054458311078302804,0.0878750737704736,0.050077669729363325,0.07853226325069734,0.04574702646374104,0.000492305849573462,0.005419825792424732,0.020492818647585554,0.028978192526090827
113.0,4680.0,0.09912734561021115,0.11488121313225298,0.09574592106372175,0.0342982078494758,0.01647988029028212,0.15888924108807964,0.00033334948630055054,0.0018507113084240436,0.0016186616011497432,0.11836760096587734,0.02668395922357114,0.054413890296828374,0.09125819224122798,0.06279750220997772,0.09122458756880408,0.05301359794542003,0.0005072208010111548,0.005407700479507809,0.028470256385611948,0.02380680973088621
114.0,4720.0,0.06308054608225795,0.08333899506153032,0.052507211932524736,0.06259280972545497,0.024023695584289573,0.12270214909732463,0.0003506531976030624,0.004115364312938684,0.028767748021377958,0.6378528076556756,0.009311875110424845,0.1299166862082185,0.09384176992539185,0.08865291555318475,0.26240374914039377,0.25159229409677036,0.0011080074697786563,0.020531384099095308,0.3824079848500316,0.021303681295972283
115.0,4760.0,0.036940784725104855,0.05310343421024129,0.04199653857917297,0.05550022891912153,0.02782164059086492,0.11482936456395725,0.0004964235785438864,0.008085796242022221,0.08685011527884712,0.7853838784532419,0.006386816353245314,0.2251359290857701,0.0938253272340262,0.1396212431870265,0.40120572742353394,0.41314152757133804,0.0020294146480439455,0.05046950563765681,0.664992147288591,0.023788393700697835
116.0,4800.0,0.043162101358491224,0.054517040152625776,0.04100294498383346,0.04759055648411864,0.03893283621589197,0.11287112488908281,0.0010126989920560918,0.014172305901422481,0.15755995722454436,0.8447063713964609,0.009596922768498063,0.33779893125103866,0.08358224586472597,0.1907773408130383,0.43669635887872427,0.5048778920151833,0.002341756456122763,0.06534987188986756,0.8085856140383051,0.040408188982129375
117.0,4840.0,0.04023398677167437,0.051354854187971526,0.03956235576232372,0.04556778992628997,0.04600554957349189,0.11158380918103672,0.0013663060522864988,0.019014458080709434,0.18375256071753232,0.8485737325216997,0.01176712389687395,0.362247451389715,0.07447537927374735,0.22189087207776748,0.43173086456897614,0.5068965479727849,0.0027739647351477255,0.07198577758225302,0.8469813886680495,0.04657370079212908
118.0,4880.0,0.04179885359179831,0.05405705654810947,0.042748500822064564,0.05061157559223706,0.05238061581636895,0.10968050601587757,0.0015394984354458465,0.023071976439688148,0.25078114715088595,0.8757231876973476,0.009617288919027151,0.4244022724731372,0.05856858582963501,0.21995312638587103,0.5259971348502602,0.5694807019286264,0.0035654953919675996,0.09944917702079561,0.8535222040317773,0.05043128015201864
119.0,4920.0,0.037880542069309096,0.04949478607985382,0.042290846171726605,0.0460187670290314,0.05134573494100438,0.10777844549341482,0.0015144244557233244,0.023050628906682732,0.254411515443432,0.8769269882583189,0.010657228488184943,0.43418512870309073,0.05986326576887874,0.2512976642236314,0.5070419530635665,0.5735673027551685,0.0035479168184684323,0.0926946939211177,0.8725938852979549,0.05220806785866612
120.0,4960.0,0.040253080759843976,0.052702355175533774,0.045292745880084626,0.04987280483572575,0.05430528542251892,0.10862614995274059,0.0016361670876429,0.02670463404337525,0.25052424237733534,0.8675014576135383,0.010025446527661918,0.4277585366233594,0.06134567868779718,0.23724436774772198,0.5161559980212542,0.5618233325491326,0.0039577767675309326,0.09861754683776172,0.8447008802717599,0.05478790936134152
121.0,5000.0,0.04539497897170074,0.05779177351274572,0.040461738118095836,0.047658183932177696,0.0515190616187659,0.10381314965003571,0.001379998558968313,0.02249868598741844,0.2591497978002072,0.8809605229319387,0.00985041815646973,0.4339422746863731,0.050148593037332906,0.2275043813735434,0.5223260061298717,0.571937225569037,0.003517335404719404,0.10077218873085764,0.8718651592736636,0.057593067679915046
122.0,5040.0,0.04217497629976183,0.054393245701976185,0.042442235383749916,0.05046167947559583,0.05459949998262445,0.11177163466071297,0.0014853907962643542,0.02278058493504507,0.2544270316921838,0.878349355578166,0.008859966160164918,0.4242063116325931,0.04928681829340833,0.22241642039956913,0.5234208592744471,0.5686430735951521,0.0035466011844983458,0.0983148285993385,0.8582390239743621,0.05582984265666433
123.0,5080.0,0.04582364450890699,0.058852387186055524,0.03984811653237931,0.0588563706664733,0.053586811483105394,0.11222640152364645,0.0012429725726785263,0.024279500381314927,0.22484341712426223,0.8670491745854774,0.0080698244682083,0.38890804854183714,0.039431918373135734,0.17624862900593866,0.5376390823684362,0.5568183338876442,0.003924742950106124,0.11617587386343278,0.80654621983163,0.05393462518242549
124.0,5120.0,0.04587961711641151,0.06120906960901787,0.042828648320982106,0.07133052392527456,0.06253004314748146,0.12914105964649014,0.0014686875662248819,0.026908977610224996,0.23012049116707073,0.8602506544604264,0.007857382920980009,0.3635677457215276,0.04208940192446441,0.17184495178379025,0.5348365537310995,0.5388695187588689,0.00416076617286948,0.1104289338041739,0.7270614889951004,0.04764509204738803
125.0,5160.0,0.04483700390720926,0.059913986791264154,0.04167815501448783,0.06616002506579455,0.05280699974847935,0.11960386127367532,0.0012347717480341532,0.022861850287716076,0.22614209048534686,0.8645681568496354,0.007061193884316959,0.36470360980956884,0.0385479245104158,0.17207295007460752,0.5320921212187238,0.543853689892258,0.0040926395210949176,0.11176933197414647,0.7689110536947991,0.04506472758000639
126.0,5200.0,0.0429389346635694,0.05740528057925425,0.04083265163910822,0.06214230856839754,0.04952844918026799,0.11461287023057815,0.0011835402148645485,0.02272993438325495,0.22471405901208083,0.8626524488117414,0.00715255615982654,0.36719952938690514,0.03710626126713078,0.17482851065541413,0.5326056512346947,0.5461972968737608,0.004188948411277055,0.11331148106378398,0.7961907508281573,0.04704380155345144
127.0,5240.0,0.040608076346768114,0.05280403424800207,0.03933988462887625,0.05187944525031336,0.046501719155545816,0.11610074147972482,0.0013089623834750103,0.019671005404173294,0.2209088081698671,0.8661147001172373,0.007276606305015598,0.3850943193280889,0.04435552475005145,0.1935427289658456,0.4959600957489715,0.5400466452156755,0.003449169549046696,0.09790087172599808,0.8455946671453607,0.04735638562655808
128.0,5280.0,0.03999649086861991,0.05242048269909022,0.03868405750079398,0.05134668423399169,0.05019476775258046,0.12033157450286158,0.0013386029197339727,0.020365961561651626,0.2260863013397771,0.8662521770275928,0.007028329669013265,0.3740461604057096,0.042752994009411786,0.19158750463826413,0.48867046053878005,0.5304694376648366,0.003533889093598706,0.09972494464694404,0.8378662785399461,0.0483507240688981
129.0,5320.0,0.038989764933562834,0.05254024173286615,0.040763925520677216,0.05469457908980628,0.049713712161882105,0.12017199288401915,0.0014111223814796416,0.02050099677440236,0.22135424236983672,0.8670759095917636,0.006812742515508019,0.38047211825454513,0.046849228251238044,0.17996458132954646,0.4932269851486584,0.534327036949189,0.0037072477919242617,0.10390768884528358,0.8288784514683498,0.04779863483120997
130.0,5360.0,0.03884787450409203,0.05369662738917433,0.037922190431308324,0.06896981592557014,0.05108792983086266,0.1251718039782218,0.0010482946416710097,0.020802874655119753,0.21882441096642458,0.8538934864672838,0.0065445665672891964,0.3248076483676864,0.03707118654355688,0.1740292077963729,0.4939882082088903,0.505740817994844,0.004659266595507204,0.12245776210016149,0.7671993389412445,0.038153096398907085
131.0,5400.0,0.03855631821656839,0.05197840644591392,0.03953677932686181,0.05751104825500591,0.04454726956485757,0.11458159355790208,0.0011090688449841828,0.01814527668008527,0.2195154306546412,0.8659981282918147,0.006410735464141262,0.3540156977977894,0.03946521216617362,0.19057598746193918,0.4806491041873751,0.5166283858528034,0.003575867035387712,0.09750476031960889,0.8191772965917825,0.040499875205508865
132.0,5440.0,0.04399496211328846,0.059411604307199,0.044298222337853264,0.07103291784256781,0.054501365689177336,0.12877096303875749,0.0011446478410615357,0.022028370993457825,0.23366282180337508,0.8692630403150756,0.0063875340632859635,0.3433044362929672,0.03382846677240217,0.17219336767212762,0.5162152823989824,0.5247590102131704,0.004279548139809759,0.11377861600566995,0.7590755201555519,0.039360522868109045
133.0,5480.0,0.042971873620907486,0.05660028802766162,0.041741009679844364,0.06314921922025701,0.05281922036776493,0.12335414307248407,0.0011676339619400564,0.020717097474347145,0.22314309268019275,0.8666400051854222,0.006449941298604137,0.3440889788247182,0.03518129015921273,0.16829560106249872,0.5075100274181299,0.5188703608218482,0.004022860217861418,0.1145168357659655,0.7819102142772417,0.041800348770775764
134.0,5520.0,0.03996888648063021,0.05359768467580674,0.03879546388160625,0.062030804045527466,0.04775798622912854,0.11745376452313791,0.0011035929573073213,0.019657829483519726,0.21238295415192285,0.8611758277575601,0.006358752793714635,0.34440221940120663,0.03707024590583152,0.16912429039867796,0.501701768087167,0.5163190592188667,0.003988053109773583,0.11387059342793733,0.7982066752361381,0.04102686982836011
135.0,5560.0,0.03885378865925444,0.05112297771711953,0.04317719233278634,0.054356140716624715,0.04701414175706767,0.11851781093630125,0.0013712572119277653,0.018164192298814743,0.21952058024809576,0.8744776797546749,0.006704296476112442,0.38237097754719784,0.04949012455978644,0.18265476164500646,0.5090837215266771,0.5419580750384694,0.0033011103183824544,0.09376971663882305,0.8119974960736397,0.04440714337212598
136.0,5600.0,0.03953582038871921,0.05296154655352861,0.04054888444216915,0.047838166011912514,0.04487990739901943,0.10946791601023664,0.0012819150111603205,0.01728590308692732,0.247364340888363,0.8860789880996244,0.00791427445672157,0.41042964788828057,0.04474002736171165,0.2138442679870212,0.48477428396040556,0.5499357333433723,0.0031652808393524156,0.09003840322015969,0.871722253983147,0.049306603703645584
137.0,5640.0,0.038124821306007514,0.052420141835084415,0.04487782483008758,0.051057865083184086,0.04738895183865473,0.11707300022790348,0.0014705783373963337,0.017980071490448852,0.23138325269474633,0.8816574323192603,0.0072365324516549265,0.40424139575549767,0.05222508922329151,0.19264627141810872,0.5009304935136821,0.5534953621110172,0.003035056485748381,0.0849551501304576,0.8394296463076993,0.04622566747138304
138.0,5680.0,0.03791769417552583,0.05090430443274332,0.040199467887704,0.04959847999110621,0.04448868080441382,0.11699143793217127,0.001357809122929695,0.016412794864953784,0.23280698535255,0.8806982393151991,0.0073378242373271715,0.3975221091428509,0.04940869909607716,0.20326135619470106,0.4776678387334716,0.5441814181961462,0.003012387213354353,0.08594557426612363,0.8534756808880004,0.04511091279604217
139.0,5720.0,0.03495965836237395,0.04785184605202648,0.042519040398827194,0.0496036687940899,0.044350580098312775,0.11513958708471582,0.0014857091970763975,0.016653047527662623,0.22386051014386754,0.8787621381820808,0.007071944771251317,0.39970368144119095,0.05850422007351751,0.19594468317713645,0.5001622343154057,0.5508754963851493,0.0030323666514240595,0.08360905648096763,0.8372951617245753,0.04525292923096185
140.0,5760.0,0.03945508908423849,0.052745772115318494,0.039961872398418974,0.04973511291020119,0.04402865078753259,0.11189548214481214,0.0013528137432509374,0.015777715570705644,0.2274520688219214,0.88069956596261,0.007674948866166949,0.39567935814028754,0.05488641573908137,0.19229739540824156,0.48348942184473365,0.5443621269218776,0.0029665063728368016,0.08483888647290633,0.8525065303913693,0.0460721434827903
141.0,5800.0,0.03393415685691253,0.04648785872053352,0.0428696262133786,0.05040900446818044,0.04268135900424698,0.11661744593053841,0.0014993787928804048,0.01572695739433785,0.20851385831353372,0.875094339166008,0.006477736892008496,0.39106650462640596,0.06402012222781091,0.18096507387629385,0.5087897476576506,0.5484978473502438,0.0029513471146983567,0.08472798222361815,0.8286042062327752,0.0455128235009069
142.0,5840.0,0.03830077937628628,0.04991196994534575,0.039760894231840746,0.04776974659468223,0.04256416471831313,0.11040036835395481,0.0013547924571696165,0.015858830573357956,0.21779499373855418,0.8750391084209153,0.00814777891686574,0.4009914224204084,0.055429162684703895,0.20060890800144696,0.47231556235710376,0.5405402148931647,0.0028321340924135816,0.08189438636455254,0.8613244656635368,0.0485397798356672
143.0,5880.0,0.0392041742580478,0.05208728957506293,0.04249841651683936,0.04911179271027853,0.05205811832996012,0.11714202133482296,0.0016867741703593024,0.020094969198050636,0.23128992850879646,0.8771176138200834,0.008769801770358793,0.4061351439210303,0.05466032981785225,0.18769494161076017,0.4809181434115742,0.5408640069439257,0.003130950764686758,0.08774256308293162,0.8453896311947152,0.04938369445821684
144.0,5920.0,0.035973373879525206,0.04803714164482051,0.040729861397707415,0.06203795926861706,0.05763429000916872,0.1363557978481284,0.0016096685223466554,0.020788800213863035,0.20594349839959614,0.857732592738862,0.006735850464454378,0.35046433312963465,0.047965807116582,0.1591108626812821,0.5043207975708657,0.516579020439328,0.003955874946036612,0.11588037818932576,0.7706950627620287,0.052869160403527814
145.0,5960.0,0.035806307499836786,0.04628614211393419,0.039605871070038705,0.051404515430414535,0.04496398115710446,0.11382804374189828,0.0013894619022595581,0.016546408953225563,0.21277138396590414,0.8749496685729855,0.0072417995351271355,0.38982529921470505,0.048029472777195145,0.19082595089034804,0.5027937602402153,0.5382912873265033,0.0035443688245317038,0.10559170052537616,0.8568662074276067,0.053542671834693294
146.0,6000.0,0.03819113033033998,0.05005277505726247,0.04025371702212558,0.05339931601153881,0.045002281486623934,0.11139644994306014,0.001212175823879528,0.017641844304219514,0.21045072104951448,0.8704983974336844,0.007111133094047588,0.38441156924406905,0.04324587390482393,0.17697570451836475,0.49559643968083095,0.529802817175906,0.0034889209929698183,0.10170611324101012,0.8456830959579673,0.05177796678569133
147.0,6040.0,0.042121341329999305,0.05440281867947788,0.04119951056728432,0.053819178229052134,0.051458884420946295,0.13085175074427025,0.001396159063803795,0.01694993085368403,0.20345764021019494,0.8679649881948716,0.006689338740571565,0.3623175106388974,0.04119652886865592,0.15345940567275873,0.48884879392210445,0.515419129767996,0.003267499580120172,0.09978358718634536,0.819712299827543,0.05295956407323659
148.0,6080.0,0.04184073794325019,0.05289705553285872,0.04191913677808119,0.05230254619689008,0.04675529324518773,0.13027588275469865,0.001207392465918583,0.014816041729482343,0.1960820037425553,0.8629914514280713,0.007030644145095808,0.35372454976287165,0.04714550054816569,0.17655432092498344,0.454205616095846,0.5013792196893099,0.0032614797976981717,0.09328040448375942,0.8508314537302255,0.06123276473117719
149.0,6120.0,0.04436198267498773,0.05830823491030217,0.055814565220907025,0.05499369011708062,0.042809050713109455,0.16582687831997586,0.0008659676045472946,0.009376046666365013,0.058477615800255414,0.6690323132427969,0.007111768803036954,0.1575809263088104,0.07623688390221486,0.13202474143801332,0.2798882077774946,0.29325110529444665,0.0016545905117831398,0.02603765897106257,0.4948755729702555,0.04327574179516033
150.0,6160.0,0.07841701366747217,0.10180099710965598,0.07026009748307932,0.0677221760605182,0.054274478177211524,0.19686500711527394,0.000935352893353828,0.010116171596594007,0.015409148963229249,0.33556024859727523,0.014524511889726262,0.10512908715160212,0.0957938181065764,0.0666002554760679,0.19008327720257778,0.1688902512144137,0.0011537074533354507,0.011386861087977724,0.08111874250993016,0.04411505782020401
151.0,6200.0,0.09419282749482646,0.12289572968955899,0.0888842718384455,0.06774921608217216,0.05252275453106671,0.24251798703160823,0.0010527248596816057,0.006797574136151423,0.003926900416731646,0.12906081864361912,0.021212532530907345,0.07158072430758551,0.13811103566518615,0.0336573160958196,0.137386029716755,0.08927066006120044,0.0006755619573160433,0.006055688616211459,0.009115302791994863,0.03839596178642086
152.0,6240.0,0.09822214577858732,0.11988721642646381,0.09647176109009299,0.04425108922879185,0.03943075394224133,0.25086306818304765,0.0007992228644776063,0.003791211520178519,0.0016364325476845327,0.07622551812431039,0.0261169852403011,0.05441949752519166,0.13638413291064724,0.032986567898539675,0.09350900890457026,0.05203514990307116,0.0005006523698886963,0.004696328406299178,0.0074658118846404,0.03992727212356804
153.0,6280.0,0.100616537969377,0.12417477131104548,0.0951348931542508,0.04785382208696086,0.04202174705572425,0.2645323995485193,0.0008206090708021107,0.0041748427406126136,0.0016153239479764247,0.07027117943193584,0.027407611543177064,0.05577338204682852,0.1463755430006035,0.029913312594068837,0.09594382790927516,0.05279593483973273,0.0004918336142644643,0.004652092597790927,0.004972717974558464,0.04156385815710082
154.0,6320.0,0.08931088235926249,0.10874752411071707,0.09510088432684254,0.03722551606989074,0.0376242674128523,0.25094574225968974,0.0009157516705047361,0.0036009783110205165,0.0011549202096563266,0.05818078317951149,0.02535107312313014,0.046327915197063634,0.10791281954396924,0.03794042103475,0.07151362378465591,0.03345332945388472,0.0006469208485652799,0.004680852164967223,0.007626853900181676,0.041853713948882904
155.0,6360.0,0.08133493992956113,0.1011280377935859,0.09086003498584819,0.0398034229027301,0.026107896722592658,0.1894842108090915,0.0007137627195855106,0.003631453915837595,0.001232976223934831,0.06768866726203608,0.026874714574509545,0.054583803179457775,0.12797742806191365,0.04332665002041176,0.08542306666943611,0.04300700573553668,0.0005798740290505962,0.0049983032838643105,0.008401627743208665,0.03330403937118719
156.0,6400.0,0.10173746490916097,0.1249102213414356,0.100567403992946,0.0329784434902693,0.023699170061983483,0.1587759211604559,0.0005296270690961542,0.003214794237458603,0.0007912149636329437,0.058331479935577676,0.03243594831017305,0.047336786789767014,0.056620899063008226,0.037717475886501255,0.0651426532707511,0.030997979043931454,0.0007429197950380166,0.0050747194829148315,0.012222516806825302,0.04029123110003923
157.0,6440.0,0.08405969371985209,0.10760148573852499,0.0973002914557185,0.04139231599728841,0.03246562128247466,0.21588169900084692,0.0008615142129466195,0.0045068829016659566,0.0011040154542835505,0.05569537446408048,0.026665301791500735,0.048636545544060106,0.11057987590774013,0.03564656450314488,0.07984922560334885,0.035998560388911645,0.0006920891010921673,0.004815222644686039,0.006517140079907696,0.03387717963906466
158.0,6480.0,0.08665267801431627,0.11323695773706723,0.09556395332659642,0.03887526932905477,0.027080684985768877,0.19489651945555245,0.0006717848244206141,0.003632788989205195,0.0008933191816155075,0.05478685747799934,0.027358316736939007,0.048261759872146995,0.09943151551720737,0.03588322268147065,0.07512921849282787,0.03444649097459482,0.0007500491084605169,0.005232838967491395,0.008650798111108058,0.035874525237016265
159.0,6520.0,0.08304673137788271,0.10642383956711497,0.09606047122434944,0.045270057216728915,0.031122934099661846,0.22337016886023983,0.0008092661441976536,0.004168623436325875,0.0011370251666352493,0.05614634211008231,0.025599701323093776,0.04930423626195207,0.12588977534577,0.03747537822969347,0.08343317434459463,0.0404484829617709,0.0005813020684063658,0.0044101151859861345,0.005675319509553486,0.029231789578287957
