frame,timestamp,confidence,success,gaze_angle_x,gaze_angle_y,pose_Rx,pose_Ry,pose_Rz,AU1,AU2,AU4,AU5,AU6,AU7,AU9,AU10,AU12,AU14,AU15,AU17,AU20,AU23,AU25,AU26,AU45
0,0.0,0.98,1,0.0,0.0,0.0,0.0,0.0,0.0,0.0,0.006,0.0,0.0,0.21200000000000002,0.0,0.0,0.1,0.184,0.16999999999999998,0.22400000000000003,0.0,0.0,0.0,0.006,0.062
1,0.04,0.98,1,0.0,0.0,0.0,0.0,0.0,0.0,0.0,0.006,0.0,0.002,0.21000000000000002,0.0,0.0,0.10800000000000001,0.182,0.142,0.21400000000000002,0.0,0.0,0.0,0.002,0.022
2,0.08,0.98,1,0.0,0.0,0.0,0.0,0.0,0.0,0.0,0.004,0.0,0.004,0.202,0.0,0.0,0.11000000000000001,0.182,0.134,0.21200000000000002,0.0,0.0,0.002,0.0,0.002
3,0.12,0.98,1,0.0,0.0,0.0,0.0,0.0,0.0,0.0,0.002,0.0,0.004,0.198,0.0,0.0,0.11200000000000002,0.182,0.13799999999999998,0.21000000000000002,0.0,0.0,0.004,0.0,0.0
4,0.16,0.98,1,0.0,0.0,0.0,0.0,0.0,0.0,0.0,0.0,0.0,0.004,0.188,0.0,0.0,0.11200000000000002,0.186,0.15,0.21000000000000002,0.0,0.0,0.004,0.0,0.002
5,0.2,0.98,1,0.0,0.0,0.0,0.0,0.0,0.0,0.0,0.0,0.0,0.004,0.186,0.0,0.0,0.11200000000000002,0.184,0.152,0.20400000000000001,0.0,0.004,0.002,0.0,0.01
6,0.24,0.98,1,0.0,0.0,0.0,0.0,0.0,0.0,0.0,0.002,0.0,0.004,0.192,0.0,0.0,0.11200000000000002,0.186,0.152,0.2,0.0,0.006,0.0,0.0,0.012
7,0.28,0.98,1,0.0,0.0,0.0,0.0,0.0,0.0,0.0,0.002,0.0,0.004,0.188,0.0,0.0,0.10800000000000001,0.19,0.142,0.2,0.0,0.006,0.012,0.0,0.012
8,0.32,0.98,1,0.0,0.0,0.0,0.0,0.0,0.0,0.0,0.002,0.0,0.004,0.198,0.0,0.0,0.088,0.178,0.126,0.21000000000000002,0.0,0.002,0.026000000000000002,0.02,0.006
9,0.36,0.98,1,0.0,0.0,0.0,0.0,0.0,0.0,0.0,0.002,0.0,0.002,0.20400000000000001,0.0,0.0,0.05,0.11599999999999999,0.076,0.194,0.0,0.0,0.148,0.176,0.002
10,0.4,0.98,1,0.0,0.0,0.0,0.0,0.0,0.0,0.0,0.041999999999999996,0.0,0.0,0.254,0.0,0.0,0.018,0.048,0.034,0.134,0.0,0.0,0.3,0.358,0.006
11,0.44,0.98,1,0.0,0.0,0.0,0.0,0.0,0.0,0.0,0.094,0.0,0.0,0.272,0.0,0.0,0.0,0.0,0.004,0.057999999999999996,0.0,0.0,0.41,0.524,0.006
12,0.48,0.98,1,0.0,0.0,0.0,0.0,0.0,0.0,0.0,0.162,0.0,0.0,0.3,0.0,0.0,0.0,0.0,0.006,0.02,0.0,0.0,0.41,0.546,0.016
13,0.52,0.98,1,0.0,0.0,0.0,0.0,0.0,0.004,0.0,0.20600000000000002,0.002,0.0,0.308,0.0,0.01,0.0,0.0,0.006,0.028000000000000004,0.0,0.0,0.4,0.562,0.032
14,0.56,0.98,1,0.0,0.0,0.0,0.0,0.0,0.014000000000000002,0.0,0.244,0.002,0.004,0.33799999999999997,0.0,0.024,0.0,0.0,0.002,0.034,0.0,0.0,0.462,0.572,0.054000000000000006
15,0.6,0.98,1,0.0,0.0,0.0,0.0,0.0,0.03,0.0,0.264,0.002,0.014000000000000002,0.352,0.0,0.036,0.0,0.0,0.0,0.024,0.0,0.0,0.514,0.5980000000000001,0.08
16,0.64,0.98,1,0.0,0.0,0.0,0.0,0.0,0.034,0.0,0.272,0.0,0.026000000000000002,0.348,0.0,0.041999999999999996,0.0,0.0,0.0,0.018,0.0,0.0,0.546,0.5980000000000001,0.09
17,0.68,0.98,1,0.0,0.0,0.0,0.0,0.0,0.036,0.0,0.27799999999999997,0.0,0.03,0.35,0.002,0.048,0.0,0.0,0.0,0.026000000000000002,0.0,0.0,0.536,0.5940000000000001,0.088
18,0.72,0.98,1,0.0,0.0,0.0,0.0,0.0,0.026000000000000002,0.0,0.282,0.0,0.034,0.348,0.008,0.057999999999999996,0.0,0.0,0.0,0.034,0.0,0.0,0.53,0.584,0.06
19,0.76,0.98,1,0.0,0.0,0.0,0.0,0.0,0.034,0.0,0.282,0.0,0.036,0.366,0.016,0.062,0.0,0.0,0.0,0.034,0.0,0.0,0.516,0.5820000000000001,0.046
20,0.8,0.98,1,0.0,0.0,0.0,0.0,0.0,0.032,0.0,0.274,0.0,0.048,0.354,0.02,0.066,0.0,0.0,0.0,0.034,0.0,0.0,0.51,0.588,0.052000000000000005
21,0.84,0.98,1,0.0,0.0,0.0,0.0,0.0,0.036,0.0,0.268,0.0,0.05,0.36,0.02,0.068,0.0,0.0,0.0,0.032,0.0,0.0,0.512,0.5940000000000001,0.06
22,0.88,0.98,1,0.0,0.0,0.0,0.0,0.0,0.032,0.0,0.27,0.0,0.05,0.37,0.018,0.074,0.0,0.0,0.0,0.028000000000000004,0.0,0.0,0.518,0.596,0.05600000000000001
23,0.92,0.98,1,0.0,0.0,0.0,0.0,0.0,0.03,0.0,0.272,0.0,0.041999999999999996,0.392,0.012,0.074,0.0,0.0,0.0,0.016,0.0,0.0,0.524,0.602,0.046
24,0.96,0.98,1,0.0,0.0,0.0,0.0,0.0,0.03,0.0,0.27999999999999997,0.0,0.038,0.398,0.01,0.06999999999999999,0.0,0.0,0.0,0.016,0.0,0.0,0.524,0.6,0.052000000000000005
25,1.0,0.98,1,0.0,0.0,0.0,0.0,0.0,0.03,0.0,0.27999999999999997,0.0,0.036,0.404,0.01,0.062,0.0,0.0,0.0,0.02,0.0,0.0,0.522,0.61,0.06
26,1.04,0.98,1,0.0,0.0,0.0,0.0,0.0,0.034,0.0,0.288,0.002,0.04,0.414,0.014000000000000002,0.05600000000000001,0.0,0.0,0.0,0.026000000000000002,0.0,0.0,0.522,0.612,0.05600000000000001
27,1.08,0.98,1,0.0,0.0,0.0,0.0,0.0,0.032,0.0,0.29,0.012,0.04,0.41200000000000003,0.01,0.052000000000000005,0.0,0.0,0.0,0.028000000000000004,0.0,0.0,0.526,0.618,0.062
28,1.12,0.93,1,0.0,0.0,0.0,0.0,0.0,0.03,0.0,0.296,0.02,0.041999999999999996,0.40800000000000003,0.006,0.05,0.0,0.0,0.0,0.03,0.0,0.0,0.53,0.616,0.076
29,1.16,0.93,1,0.0,0.0,0.0,0.0,0.0,0.022,0.0,0.294,0.02,0.041999999999999996,0.4,0.002,0.05,0.0,0.0,0.0,0.028000000000000004,0.0,0.0,0.532,0.614,0.086
30,1.2,0.93,1,0.0,0.0,0.0,0.0,0.0,0.022,0.0,0.3,0.01,0.05,0.398,0.006,0.05,0.0,0.0,0.0,0.024,0.0,0.0,0.538,0.62,0.08
31,1.24,0.93,1,0.0,0.0,0.0,0.0,0.0,0.02,0.0,0.3,0.0,0.048,0.4,0.012,0.052000000000000005,0.0,0.0,0.0,0.022,0.0,0.0,0.532,0.62,0.074
32,1.28,0.93,1,0.0,0.0,0.0,0.0,0.0,0.022,0.0,0.306,0.0,0.05,0.41600000000000004,0.02,0.05600000000000001,0.0,0.0,0.0,0.018,0.0,0.0,0.53,0.62,0.072
33,1.32,0.93,1,0.0,0.0,0.0,0.0,0.0,0.026000000000000002,0.0,0.31,0.0,0.044,0.434,0.026000000000000002,0.05600000000000001,0.0,0.0,0.0,0.012,0.0,0.0,0.53,0.61,0.08
34,1.36,0.93,1,0.0,0.0,0.0,0.0,0.0,0.036,0.0,0.312,0.0,0.046,0.43,0.026000000000000002,0.057999999999999996,0.0,0.0,0.0,0.016,0.0,0.0,0.532,0.614,0.06999999999999999
35,1.4,0.93,1,0.0,0.0,0.0,0.0,0.0,0.034,0.0,0.306,0.0,0.046,0.41,0.022,0.062,0.0,0.0,0.0,0.018,0.0,0.0,0.532,0.62,0.064
36,1.44,0.93,1,0.0,0.0,0.0,0.0,0.0,0.032,0.0,0.294,0.0,0.05600000000000001,0.394,0.018,0.06999999999999999,0.0,0.0,0.0,0.03,0.0,0.0,0.528,0.638,0.052000000000000005
37,1.48,0.93,1,0.0,0.0,0.0,0.0,0.0,0.028000000000000004,0.0,0.292,0.0,0.06,0.4,0.014000000000000002,0.064,0.0,0.0,0.0,0.03,0.0,0.0,0.524,0.636,0.05
38,1.52,0.93,1,0.0,0.0,0.0,0.0,0.0,0.032,0.0,0.29,0.0,0.066,0.394,0.01,0.06,0.0,0.0,0.0,0.026000000000000002,0.0,0.0,0.534,0.638,0.052000000000000005
39,1.56,0.98,1,0.0,0.0,0.0,0.0,0.0,0.032,0.0,0.302,0.0,0.05600000000000001,0.394,0.01,0.06,0.0,0.0,0.0,0.022,0.0,0.0,0.544,0.628,0.064
40,1.6,0.93,1,0.0,0.0,0.0,0.0,0.0,0.028000000000000004,0.0,0.302,0.0,0.05,0.378,0.014000000000000002,0.08,0.0,0.0,0.0,0.014000000000000002,0.0,0.0,0.554,0.634,0.078
41,1.64,0.93,1,0.0,0.0,0.0,0.0,0.0,0.032,0.0,0.304,0.0,0.044,0.38,0.02,0.08399999999999999,0.0,0.0,0.0,0.016,0.0,0.0,0.548,0.64,0.092
42,1.68,0.98,1,0.0,0.0,0.0,0.0,0.0,0.032,0.0,0.298,0.0,0.041999999999999996,0.386,0.02,0.08,0.0,0.0,0.0,0.014000000000000002,0.0,0.0,0.538,0.642,0.092
43,1.72,0.98,1,0.0,0.0,0.0,0.0,0.0,0.034,0.0,0.306,0.0,0.044,0.41200000000000003,0.018,0.066,0.0,0.0,0.0,0.018,0.0,0.0,0.534,0.642,0.10600000000000001
44,1.76,0.98,1,0.0,0.0,0.0,0.0,0.0,0.03,0.0,0.312,0.012,0.05,0.42800000000000005,0.012,0.064,0.0,0.0,0.0,0.018,0.0,0.0,0.536,0.632,0.10400000000000001
45,1.8,0.98,1,0.0,0.0,0.0,0.0,0.0,0.03,0.0,0.322,0.024,0.052000000000000005,0.43200000000000005,0.008,0.068,0.0,0.0,0.0,0.012,0.0,0.0,0.548,0.624,0.11200000000000002
46,1.84,0.98,1,0.0,0.0,0.0,0.0,0.0,0.026000000000000002,0.0,0.32,0.038,0.052000000000000005,0.41600000000000004,0.008,0.06999999999999999,0.0,0.0,0.0,0.012,0.0,0.0,0.554,0.61,0.1
47,1.88,0.98,1,0.0,0.0,0.0,0.0,0.0,0.02,0.0,0.32,0.038,0.048,0.40599999999999997,0.008,0.06999999999999999,0.0,0.0,0.0,0.008,0.0,0.0,0.558,0.6,0.1
48,1.92,0.98,1,0.0,0.0,0.0,0.0,0.0,0.014000000000000002,0.0,0.314,0.038,0.052000000000000005,0.396,0.008,0.06999999999999999,0.0,0.0,0.0,0.01,0.0,0.0,0.562,0.6,0.11000000000000001
49,1.96,0.98,1,0.0,0.0,0.0,0.0,0.0,0.008,0.0,0.306,0.026000000000000002,0.054000000000000006,0.396,0.004,0.066,0.0,0.0,0.0,0.018,0.0,0.0,0.5700000000000001,0.6,0.118
50,2.0,0.98,1,0.0,0.0,0.0,0.0,0.0,0.004,0.0,0.296,0.012,0.05600000000000001,0.41200000000000003,0.0,0.06,0.0,0.0,0.0,0.022,0.0,0.0,0.564,0.602,0.11599999999999999
51,2.04,0.98,1,0.0,0.0,0.0,0.0,0.0,0.0,0.0,0.288,0.004,0.057999999999999996,0.418,0.0,0.05600000000000001,0.0,0.0,0.0,0.016,0.0,0.0,0.5660000000000001,0.6,0.10600000000000001
52,2.08,0.98,1,0.0,0.0,0.0,0.0,0.0,0.0,0.0,0.27999999999999997,0.002,0.057999999999999996,0.42000000000000004,0.002,0.05600000000000001,0.0,0.0,0.0,0.006,0.0,0.0,0.548,0.604,0.08399999999999999
53,2.12,0.98,1,0.0,0.0,0.0,0.0,0.0,0.002,0.0,0.258,0.002,0.04,0.388,0.004,0.054000000000000006,0.0,0.0,0.0,0.0,0.0,0.0,0.514,0.6,0.057999999999999996
54,2.16,0.98,1,0.0,0.0,0.0,0.0,0.0,0.002,0.0,0.20800000000000002,0.0,0.018,0.372,0.012,0.032,0.0,0.0,0.0,0.02,0.0,0.0,0.496,0.62,0.022
55,2.2,0.98,1,0.0,0.0,0.0,0.0,0.0,0.002,0.0,0.142,0.0,0.0,0.33399999999999996,0.026000000000000002,0.014000000000000002,0.0,0.0,0.0,0.094,0.0,0.0,0.43600000000000005,0.616,0.004
56,2.24,0.98,1,0.0,0.0,0.0,0.0,0.0,0.0,0.0,0.08399999999999999,0.0,0.0,0.316,0.028000000000000004,0.0,0.0,0.0,0.0,0.16599999999999998,0.006,0.0,0.35,0.538,0.0
57,2.28,0.98,1,0.0,0.0,0.0,0.0,0.0,0.0,0.0,0.041999999999999996,0.0,0.0,0.302,0.022,0.0,0.03,0.054000000000000006,0.008,0.22799999999999998,0.006,0.0,0.18,0.358,0.0
58,2.32,0.98,1,0.0,0.0,0.0,0.0,0.0,0.0,0.0,0.018,0.0,0.002,0.282,0.006,0.0,0.078,0.128,0.028000000000000004,0.22400000000000003,0.016,0.002,0.06999999999999999,0.16,0.0
59,2.36,0.98,1,0.0,0.0,0.0,0.0,0.0,0.0,0.0,0.002,0.0,0.01,0.262,0.002,0.0,0.128,0.196,0.048,0.21600000000000003,0.018,0.006,0.012,0.04,0.0
60,2.4,0.98,1,0.0,0.0,0.0,0.0,0.0,0.0,0.0,0.0,0.0,0.02,0.238,0.0,0.0,0.148,0.20400000000000001,0.068,0.194,0.024,0.01,0.014000000000000002,0.0,0.0
61,2.44,0.98,1,0.0,0.0,0.0,0.0,0.0,0.0,0.0,0.0,0.0,0.024,0.242,0.0,0.0,0.15,0.21000000000000002,0.066,0.19,0.026000000000000002,0.014000000000000002,0.008,0.0,0.0
62,2.48,0.98,1,0.0,0.0,0.0,0.0,0.0,0.0,0.0,0.0,0.0,0.022,0.246,0.0,0.0,0.15,0.22000000000000003,0.057999999999999996,0.186,0.036,0.016,0.004,0.0,0.0
63,2.52,0.98,1,0.0,0.0,0.0,0.0,0.0,0.0,0.0,0.0,0.0,0.022,0.254,0.0,0.0,0.148,0.23199999999999998,0.054000000000000006,0.188,0.05,0.02,0.0,0.0,0.0
64,2.56,0.98,1,0.0,0.0,0.0,0.0,0.0,0.0,0.0,0.0,0.0,0.024,0.254,0.0,0.0,0.146,0.22200000000000003,0.05600000000000001,0.186,0.048,0.024,0.0,0.0,0.0
65,2.6,0.98,1,0.0,0.0,0.0,0.0,0.0,0.0,0.0,0.0,0.0,0.026000000000000002,0.262,0.0,0.0,0.15,0.22000000000000003,0.072,0.184,0.03,0.024,0.0,0.0,0.0
66,2.64,0.98,1,0.0,0.0,0.0,0.0,0.0,0.0,0.0,0.0,0.0,0.022,0.252,0.0,0.0,0.15,0.22599999999999998,0.08199999999999999,0.186,0.014000000000000002,0.024,0.0,0.0,0.0
67,2.68,0.98,1,0.0,0.0,0.0,0.0,0.0,0.0,0.0,0.0,0.0,0.022,0.252,0.0,0.0,0.152,0.22799999999999998,0.094,0.184,0.01,0.02,0.0,0.0,0.0
68,2.72,0.98,1,0.0,0.0,0.0,0.0,0.0,0.0,0.0,0.0,0.0,0.018,0.246,0.0,0.0,0.15,0.22999999999999998,0.094,0.196,0.016,0.02,0.0,0.0,0.0
69,2.76,0.98,1,0.0,0.0,0.0,0.0,0.0,0.0,0.0,0.0,0.0,0.018,0.252,0.0,0.0,0.148,0.22200000000000003,0.088,0.20600000000000002,0.03,0.018,0.0,0.0,0.0
70,2.8,0.98,1,0.0,0.0,0.0,0.0,0.0,0.0,0.0,0.0,0.0,0.018,0.264,0.0,0.0,0.15,0.21800000000000003,0.094,0.21600000000000003,0.028000000000000004,0.02,0.0,0.0,0.0
71,2.84,0.98,1,0.0,0.0,0.0,0.0,0.0,0.0,0.0,0.0,0.0,0.018,0.272,0.0,0.0,0.152,0.21400000000000002,0.094,0.21800000000000003,0.036,0.014000000000000002,0.0,0.0,0.0
72,2.88,0.98,1,0.0,0.0,0.0,0.0,0.0,0.0,0.0,0.0,0.0,0.018,0.27599999999999997,0.0,0.0,0.15,0.22200000000000003,0.10400000000000001,0.20800000000000002,0.03,0.014000000000000002,0.0,0.0,0.0
73,2.92,0.98,1,0.0,0.0,0.0,0.0,0.0,0.0,0.0,0.0,0.0,0.018,0.27599999999999997,0.0,0.0,0.15,0.24,0.10400000000000001,0.20400000000000001,0.041999999999999996,0.012,0.0,0.0,0.0
74,2.96,0.98,1,0.0,0.0,0.0,0.0,0.0,0.0,0.0,0.0,0.0,0.02,0.27799999999999997,0.0,0.0,0.148,0.256,0.10800000000000001,0.202,0.041999999999999996,0.016,0.0,0.0,0.0
75,3.0,0.98,1,0.0,0.0,0.0,0.0,0.0,0.0,0.0,0.0,0.0,0.024,0.274,0.0,0.0,0.15,0.262,0.10800000000000001,0.20600000000000002,0.046,0.016,0.0,0.0,0.0
76,3.04,0.98,1,0.0,0.0,0.0,0.0,0.0,0.0,0.0,0.0,0.0,0.026000000000000002,0.27,0.0,0.0,0.148,0.254,0.10200000000000001,0.21200000000000002,0.03,0.018,0.0,0.0,0.0
77,3.08,0.98,1,0.0,0.0,0.0,0.0,0.0,0.0,0.0,0.0,0.0,0.028000000000000004,0.266,0.0,0.0,0.144,0.25,0.11000000000000001,0.20400000000000001,0.03,0.014000000000000002,0.0,0.0,0.0
78,3.12,0.98,1,0.0,0.0,0.0,0.0,0.0,0.0,0.0,0.0,0.0,0.026000000000000002,0.252,0.0,0.0,0.13999999999999999,0.244,0.10800000000000001,0.196,0.018,0.016,0.0,0.0,0.0
79,3.16,0.98,1,0.0,0.0,0.0,0.0,0.0,0.0,0.0,0.0,0.0,0.02,0.24,0.0,0.0,0.13799999999999998,0.242,0.1,0.186,0.026000000000000002,0.018,0.0,0.0,0.0
80,3.2,0.98,1,0.0,0.0,0.0,0.0,0.0,0.0,0.0,0.0,0.0,0.018,0.22200000000000003,0.0,0.0,0.13799999999999998,0.23399999999999999,0.078,0.186,0.022,0.022,0.0,0.0,0.0
81,3.24,0.98,1,0.0,0.0,0.0,0.0,0.0,0.0,0.0,0.0,0.0,0.016,0.22000000000000003,0.0,0.0,0.13799999999999998,0.23199999999999998,0.064,0.18,0.028000000000000004,0.024,0.0,0.0,0.0
82,3.28,0.98,1,0.0,0.0,0.0,0.0,0.0,0.0,0.0,0.0,0.0,0.018,0.22000000000000003,0.0,0.0,0.136,0.22999999999999998,0.057999999999999996,0.18,0.028000000000000004,0.026000000000000002,0.0,0.0,0.0
83,3.32,0.98,1,0.0,0.0,0.0,0.0,0.0,0.0,0.0,0.0,0.0,0.016,0.22400000000000003,0.0,0.0,0.13799999999999998,0.23399999999999999,0.06,0.178,0.026000000000000002,0.028000000000000004,0.0,0.0,0.0
84,3.36,0.98,1,0.0,0.0,0.0,0.0,0.0,0.0,0.0,0.0,0.0,0.016,0.22799999999999998,0.0,0.0,0.13799999999999998,0.23399999999999999,0.057999999999999996,0.18,0.022,0.026000000000000002,0.0,0.0,0.0
85,3.4,0.98,1,0.0,0.0,0.0,0.0,0.0,0.0,0.0,0.0,0.0,0.014000000000000002,0.23199999999999998,0.0,0.0,0.136,0.23399999999999999,0.057999999999999996,0.182,0.022,0.026000000000000002,0.0,0.0,0.0
86,3.44,0.98,1,0.0,0.0,0.0,0.0,0.0,0.0,0.0,0.0,0.0,0.012,0.23199999999999998,0.0,0.0,0.134,0.236,0.05600000000000001,0.184,0.026000000000000002,0.024,0.0,0.0,0.0
87,3.48,0.98,1,0.0,0.0,0.0,0.0,0.0,0.0,0.0,0.0,0.0,0.012,0.23399999999999999,0.0,0.0,0.132,0.24,0.052000000000000005,0.186,0.026000000000000002,0.024,0.0,0.0,0.0
88,3.52,0.98,1,0.0,0.0,0.0,0.0,0.0,0.0,0.0,0.0,0.0,0.012,0.24,0.0,0.0,0.128,0.236,0.057999999999999996,0.192,0.024,0.024,0.0,0.0,0.0
89,3.56,0.98,1,0.0,0.0,0.0,0.0,0.0,0.0,0.0,0.008,0.0,0.02,0.24,0.0,0.0,0.118,0.22200000000000003,0.074,0.20600000000000002,0.016,0.018,0.0,0.022,0.0
90,3.6,0.98,1,0.0,0.0,0.0,0.0,0.0,0.0,0.0,0.02,0.0,0.014000000000000002,0.246,0.004,0.0,0.08199999999999999,0.142,0.06,0.20600000000000002,0.008,0.01,0.10800000000000001,0.162,0.0
91,3.64,0.98,1,0.0,0.0,0.0,0.0,0.0,0.0,0.0,0.054000000000000006,0.0,0.01,0.242,0.006,0.0,0.04,0.066,0.034,0.16,0.002,0.002,0.266,0.366,0.0
92,3.68,0.98,1,0.0,0.0,0.0,0.0,0.0,0.0,0.0,0.09,0.0,0.0,0.266,0.006,0.0,0.006,0.0,0.0,0.08199999999999999,0.002,0.0,0.43,0.542,0.0
93,3.72,0.98,1,0.0,0.0,0.0,0.0,0.0,0.0,0.0,0.13,0.0,0.0,0.284,0.002,0.0,0.0,0.0,0.0,0.024,0.0,0.0,0.45999999999999996,0.596,0.002
94,3.76,0.98,1,0.0,0.0,0.0,0.0,0.0,0.0,0.0,0.156,0.0,0.0,0.314,0.0,0.008,0.0,0.0,0.0,0.0,0.0,0.0,0.43,0.5900000000000001,0.01
95,3.8,0.98,1,0.0,0.0,0.0,0.0,0.0,0.0,0.0,0.172,0.0,0.004,0.308,0.0,0.008,0.0,0.0,0.0,0.0,0.0,0.0,0.40599999999999997,0.576,0.01
96,3.84,0.98,1,0.0,0.0,0.0,0.0,0.0,0.008,0.0,0.20400000000000001,0.0,0.014000000000000002,0.302,0.002,0.02,0.0,0.0,0.0,0.0,0.0,0.0,0.45,0.572,0.008
97,3.88,0.98,1,0.0,0.0,0.0,0.0,0.0,0.012,0.0,0.246,0.0,0.034,0.314,0.004,0.032,0.0,0.0,0.0,0.01,0.0,0.0,0.514,0.5740000000000001,0.006
98,3.92,0.98,1,0.0,0.0,0.0,0.0,0.0,0.02,0.002,0.288,0.004,0.044,0.358,0.004,0.046,0.0,0.0,0.0,0.022,0.0,0.0,0.5700000000000001,0.602,0.018
99,3.96,0.98,1,0.0,0.0,0.0,0.0,0.0,0.032,0.026000000000000002,0.31,0.018,0.052000000000000005,0.40199999999999997,0.002,0.052000000000000005,0.0,0.0,0.0,0.026000000000000002,0.0,0.0,0.588,0.614,0.03
100,4.0,0.98,1,0.0,0.0,0.0,0.0,0.0,0.05,0.04,0.31,0.018,0.054000000000000006,0.418,0.0,0.052000000000000005,0.0,0.0,0.0,0.018,0.0,0.0,0.596,0.612,0.024
101,4.04,0.98,1,0.0,0.0,0.0,0.0,0.0,0.048,0.048,0.31,0.014000000000000002,0.06,0.398,0.0,0.057999999999999996,0.0,0.0,0.0,0.01,0.0,0.0,0.584,0.6,0.018
102,4.08,0.98,1,0.0,0.0,0.0,0.0,0.0,0.044,0.026000000000000002,0.31,0.0,0.06,0.382,0.0,0.052000000000000005,0.0,0.0,0.0,0.008,0.0,0.0,0.5700000000000001,0.5940000000000001,0.02
103,4.12,0.98,1,0.0,0.0,0.0,0.0,0.0,0.04,0.014000000000000002,0.31,0.0,0.05600000000000001,0.366,0.0,0.05,0.0,0.0,0.0,0.01,0.0,0.0,0.55,0.5940000000000001,0.03
104,4.16,0.98,1,0.0,0.0,0.0,0.0,0.0,0.046,0.012,0.314,0.0,0.046,0.362,0.0,0.048,0.0,0.0,0.0,0.012,0.0,0.0,0.558,0.592,0.028000000000000004
105,4.2,0.98,1,0.0,0.0,0.0,0.0,0.0,0.052000000000000005,0.026000000000000002,0.316,0.0,0.036,0.348,0.0,0.046,0.0,0.0,0.0,0.018,0.0,0.0,0.5700000000000001,0.6,0.016
106,4.24,0.98,1,0.0,0.0,0.0,0.0,0.0,0.05600000000000001,0.028000000000000004,0.316,0.0,0.028000000000000004,0.33799999999999997,0.0,0.046,0.0,0.0,0.0,0.018,0.0,0.0,0.5860000000000001,0.602,0.006
107,4.28,0.98,1,0.0,0.0,0.0,0.0,0.0,0.066,0.04,0.312,0.002,0.032,0.33199999999999996,0.0,0.038,0.0,0.0,0.0,0.016,0.0,0.0,0.6,0.612,0.0
108,4.32,0.98,1,0.0,0.0,0.0,0.0,0.0,0.057999999999999996,0.041999999999999996,0.308,0.002,0.038,0.322,0.0,0.034,0.0,0.0,0.0,0.01,0.0,0.0,0.6,0.606,0.0
109,4.36,0.98,1,0.0,0.0,0.0,0.0,0.0,0.05600000000000001,0.062,0.308,0.026000000000000002,0.041999999999999996,0.324,0.0,0.032,0.0,0.0,0.0,0.01,0.0,0.0,0.604,0.608,0.002
110,4.4,0.98,1,0.0,0.0,0.0,0.0,0.0,0.052000000000000005,0.06999999999999999,0.312,0.041999999999999996,0.041999999999999996,0.32599999999999996,0.0,0.028000000000000004,0.0,0.0,0.0,0.012,0.0,0.0,0.606,0.614,0.004
111,4.44,0.98,1,0.0,0.0,0.0,0.0,0.0,0.064,0.078,0.31,0.054000000000000006,0.041999999999999996,0.33999999999999997,0.0,0.034,0.0,0.0,0.002,0.018,0.0,0.0,0.616,0.628,0.01
112,4.48,0.98,1,0.0,0.0,0.0,0.0,0.0,0.068,0.08399999999999999,0.308,0.048,0.046,0.346,0.0,0.036,0.0,0.0,0.002,0.02,0.0,0.0,0.62,0.632,0.024
113,4.52,0.98,1,0.0,0.0,0.0,0.0,0.0,0.072,0.08399999999999999,0.304,0.046,0.052000000000000005,0.36,0.0,0.041999999999999996,0.0,0.0,0.002,0.02,0.0,0.0,0.62,0.626,0.034
114,4.56,0.98,1,0.0,0.0,0.0,0.0,0.0,0.06999999999999999,0.088,0.302,0.054000000000000006,0.05600000000000001,0.376,0.0,0.048,0.0,0.0,0.0,0.02,0.0,0.0,0.63,0.628,0.032
115,4.6,0.98,1,0.0,0.0,0.0,0.0,0.0,0.068,0.076,0.308,0.05,0.057999999999999996,0.382,0.0,0.048,0.0,0.0,0.0,0.02,0.0,0.0,0.622,0.624,0.024
116,4.64,0.98,1,0.0,0.0,0.0,0.0,0.0,0.057999999999999996,0.068,0.306,0.05600000000000001,0.057999999999999996,0.386,0.0,0.05,0.0,0.0,0.0,0.022,0.0,0.0,0.612,0.622,0.018
117,4.68,0.98,1,0.0,0.0,0.0,0.0,0.0,0.06,0.064,0.308,0.05600000000000001,0.06,0.39,0.0,0.044,0.0,0.0,0.002,0.02,0.0,0.0,0.588,0.61,0.024
118,4.72,0.98,1,0.0,0.0,0.0,0.0,0.0,0.06,0.074,0.302,0.072,0.06,0.392,0.0,0.046,0.0,0.0,0.006,0.016,0.0,0.0,0.592,0.61,0.028000000000000004
119,4.76,0.98,1,0.0,0.0,0.0,0.0,0.0,0.08,0.094,0.318,0.05600000000000001,0.06,0.41,0.0,0.052000000000000005,0.0,0.0,0.018,0.024,0.0,0.0,0.63,0.618,0.03
120,4.8,0.98,1,0.0,0.0,0.0,0.0,0.0,0.08199999999999999,0.088,0.31,0.052000000000000005,0.062,0.40800000000000003,0.0,0.052000000000000005,0.0,0.0,0.016,0.02,0.0,0.0,0.646,0.638,0.018
121,4.84,0.98,1,0.0,0.0,0.0,0.0,0.0,0.078,0.068,0.306,0.022,0.062,0.40599999999999997,0.0,0.054000000000000006,0.0,0.0,0.012,0.016,0.0,0.0,0.6639999999999999,0.646,0.012
122,4.88,0.98,1,0.0,0.0,0.0,0.0,0.0,0.06999999999999999,0.057999999999999996,0.29,0.036,0.064,0.398,0.0,0.048,0.0,0.0,0.0,0.01,0.0,0.0,0.638,0.632,0.01
123,4.92,0.98,1,0.0,0.0,0.0,0.0,0.0,0.074,0.066,0.308,0.026000000000000002,0.06,0.376,0.0,0.048,0.0,0.0,0.002,0.022,0.0,0.0,0.6719999999999999,0.64,0.028000000000000004
124,4.96,0.98,1,0.0,0.0,0.0,0.0,0.0,0.074,0.08,0.31,0.034,0.06,0.362,0.0,0.046,0.0,0.0,0.002,0.022,0.0,0.0,0.662,0.6559999999999999,0.03
125,5.0,0.98,1,0.0,0.0,0.0,0.0,0.0,0.06999999999999999,0.054000000000000006,0.296,0.01,0.05600000000000001,0.352,0.0,0.046,0.0,0.0,0.002,0.014000000000000002,0.0,0.0,0.666,0.662,0.028000000000000004
126,5.04,0.98,1,0.0,0.0,0.0,0.0,0.0,0.06,0.046,0.27799999999999997,0.032,0.06,0.38,0.0,0.048,0.0,0.0,0.0,0.0,0.0,0.0,0.622,0.64,0.02
127,5.08,0.98,1,0.0,0.0,0.0,0.0,0.0,0.05600000000000001,0.038,0.288,0.05,0.066,0.404,0.0,0.05,0.0,0.0,0.0,0.0,0.0,0.0,0.614,0.612,0.036
128,5.12,0.98,1,0.0,0.0,0.0,0.0,0.0,0.06,0.046,0.294,0.072,0.072,0.42400000000000004,0.0,0.05,0.0,0.0,0.0,0.0,0.0,0.0,0.614,0.626,0.054000000000000006
129,5.16,0.98,1,0.0,0.0,0.0,0.0,0.0,0.054000000000000006,0.034,0.294,0.052000000000000005,0.072,0.434,0.0,0.044,0.0,0.0,0.0,0.0,0.0,0.0,0.618,0.626,0.044
130,5.2,0.98,1,0.0,0.0,0.0,0.0,0.0,0.06,0.022,0.29,0.054000000000000006,0.068,0.438,0.0,0.04,0.0,0.0,0.0,0.0,0.0,0.0,0.604,0.64,0.034
131,5.24,0.98,1,0.0,0.0,0.0,0.0,0.0,0.062,0.016,0.27999999999999997,0.044,0.057999999999999996,0.398,0.0,0.034,0.0,0.0,0.0,0.0,0.0,0.0,0.5660000000000001,0.616,0.014000000000000002
132,5.28,0.93,1,0.0,0.0,0.0,0.0,0.0,0.06999999999999999,0.012,0.262,0.066,0.041999999999999996,0.368,0.0,0.024,0.0,0.0,0.0,0.0,0.0,0.0,0.514,0.608,0.018
133,5.32,0.98,1,0.0,0.0,0.0,0.0,0.0,0.062,0.006,0.23399999999999999,0.046,0.036,0.364,0.0,0.012,0.0,0.0,0.0,0.0,0.0,0.0,0.46799999999999997,0.5900000000000001,0.008
134,5.36,0.98,1,0.0,0.0,0.0,0.0,0.0,0.041999999999999996,0.002,0.21000000000000002,0.03,0.022,0.34199999999999997,0.006,0.002,0.0,0.0,0.0,0.0,0.0,0.0,0.45599999999999996,0.612,0.008
135,5.4,0.98,1,0.0,0.0,0.0,0.0,0.0,0.018,0.0,0.18,0.004,0.014000000000000002,0.32599999999999996,0.02,0.002,0.0,0.0,0.0,0.022,0.0,0.0,0.496,0.634,0.004
136,5.44,0.98,1,0.0,0.0,0.0,0.0,0.0,0.004,0.0,0.136,0.0,0.0,0.292,0.032,0.0,0.0,0.0,0.0,0.068,0.0,0.0,0.504,0.636,0.0
137,5.48,0.98,1,0.0,0.0,0.0,0.0,0.0,0.0,0.0,0.1,0.0,0.0,0.29,0.032,0.0,0.0,0.0,0.0,0.13,0.006,0.0,0.45999999999999996,0.602,0.0
138,5.52,0.98,1,0.0,0.0,0.0,0.0,0.0,0.0,0.0,0.057999999999999996,0.0,0.0,0.27599999999999997,0.028000000000000004,0.0,0.0,0.0,0.0,0.174,0.02,0.0,0.362,0.53,0.0
139,5.56,0.98,1,0.0,0.0,0.0,0.0,0.0,0.0,0.0,0.03,0.0,0.0,0.268,0.02,0.0,0.008,0.0,0.016,0.20400000000000001,0.032,0.0,0.27,0.446,0.0
140,5.6,0.98,1,0.0,0.0,0.0,0.0,0.0,0.0,0.0,0.006,0.0,0.0,0.27799999999999997,0.012,0.0,0.028000000000000004,0.028000000000000004,0.041999999999999996,0.21800000000000003,0.038,0.0,0.182,0.316,0.0
141,5.64,0.98,1,0.0,0.0,0.0,0.0,0.0,0.0,0.0,0.002,0.0,0.0,0.286,0.002,0.0,0.057999999999999996,0.086,0.062,0.22400000000000003,0.026000000000000002,0.002,0.096,0.202,0.0
142,5.68,0.98,1,0.0,0.0,0.0,0.0,0.0,0.0,0.0,0.002,0.0,0.0,0.272,0.0,0.0,0.092,0.16399999999999998,0.068,0.20800000000000002,0.02,0.008,0.054000000000000006,0.098,0.0
143,5.72,0.98,1,0.0,0.0,0.0,0.0,0.0,0.0,0.0,0.002,0.0,0.01,0.27,0.002,0.0,0.126,0.20800000000000002,0.078,0.194,0.008,0.018,0.024,0.048,0.0
144,5.76,0.98,1,0.0,0.0,0.0,0.0,0.0,0.0,0.0,0.0,0.0,0.014000000000000002,0.268,0.004,0.0,0.146,0.21600000000000003,0.09,0.192,0.006,0.026000000000000002,0.018,0.014000000000000002,0.0
145,5.8,0.98,1,0.0,0.0,0.0,0.0,0.0,0.0,0.0,0.0,0.0,0.02,0.27799999999999997,0.004,0.0,0.156,0.21200000000000002,0.11200000000000002,0.202,0.002,0.032,0.01,0.012,0.0
146,5.84,0.98,1,0.0,0.0,0.0,0.0,0.0,0.0,0.0,0.0,0.0,0.012,0.27799999999999997,0.0,0.0,0.152,0.202,0.118,0.198,0.002,0.028000000000000004,0.008,0.004,0.0
147,5.88,0.98,1,0.0,0.0,0.0,0.0,0.0,0.0,0.0,0.0,0.0,0.01,0.27999999999999997,0.0,0.0,0.152,0.20600000000000002,0.132,0.194,0.006,0.028000000000000004,0.006,0.004,0.0
148,5.92,0.98,1,0.0,0.0,0.0,0.0,0.0,0.0,0.0,0.0,0.0,0.004,0.284,0.0,0.0,0.148,0.202,0.132,0.186,0.01,0.024,0.0,0.0,0.0
149,5.96,0.98,1,0.0,0.0,0.0,0.0,0.0,0.0,0.0,0.0,0.0,0.004,0.27799999999999997,0.0,0.0,0.148,0.21000000000000002,0.13,0.194,0.018,0.024,0.0,0.0,0.0
150,6.0,0.98,1,0.0,0.0,0.0,0.0,0.0,0.0,0.0,0.0,0.0,0.008,0.27799999999999997,0.0,0.0,0.142,0.21600000000000003,0.126,0.188,0.012,0.022,0.0,0.002,0.0
151,6.04,0.98,1,0.0,0.0,0.0,0.0,0.0,0.0,0.0,0.0,0.0,0.01,0.27599999999999997,0.0,0.0,0.142,0.22000000000000003,0.118,0.186,0.006,0.022,0.006,0.008,0.0
152,6.08,0.98,1,0.0,0.0,0.0,0.0,0.0,0.0,0.0,0.0,0.0,0.008,0.284,0.0,0.0,0.142,0.22799999999999998,0.118,0.18,0.008,0.024,0.01,0.01,0.0
153,6.12,0.98,1,0.0,0.0,0.0,0.0,0.0,0.0,0.0,0.0,0.0,0.008,0.268,0.0,0.0,0.146,0.23399999999999999,0.11599999999999999,0.184,0.016,0.03,0.01,0.02,0.0
154,6.16,0.98,1,0.0,0.0,0.0,0.0,0.0,0.0,0.0,0.0,0.0,0.004,0.264,0.0,0.0,0.144,0.25,0.12,0.194,0.028000000000000004,0.038,0.004,0.016,0.0
155,6.2,0.98,1,0.0,0.0,0.0,0.0,0.0,0.0,0.0,0.0,0.0,0.008,0.27,0.0,0.0,0.144,0.266,0.118,0.20400000000000001,0.038,0.041999999999999996,0.002,0.018,0.0
156,6.24,0.98,1,0.0,0.0,0.0,0.0,0.0,0.0,0.0,0.0,0.0,0.008,0.29,0.0,0.0,0.142,0.262,0.11200000000000002,0.21000000000000002,0.046,0.038,0.002,0.006,0.0
157,6.28,0.98,1,0.0,0.0,0.0,0.0,0.0,0.0,0.0,0.0,0.0,0.016,0.304,0.0,0.0,0.146,0.246,0.10800000000000001,0.20800000000000002,0.052000000000000005,0.03,0.002,0.004,0.0
158,6.32,0.98,1,0.0,0.0,0.0,0.0,0.0,0.0,0.0,0.0,0.0,0.018,0.306,0.0,0.0,0.15,0.23199999999999998,0.11000000000000001,0.202,0.041999999999999996,0.02,0.0,0.0,0.0
159,6.36,0.98,1,0.0,0.0,0.0,0.0,0.0,0.0,0.0,0.0,0.0,0.022,0.296,0.0,0.0,0.154,0.22599999999999998,0.12,0.196,0.034,0.016,0.0,0.0,0.0
160,6.4,0.98,1,0.0,0.0,0.0,0.0,0.0,0.0,0.0,0.0,0.0,0.022,0.298,0.0,0.0,0.158,0.23399999999999999,0.12,0.194,0.024,0.016,0.0,0.0,0.0
161,6.44,0.98,1,0.0,0.0,0.0,0.0,0.0,0.0,0.0,0.0,0.0,0.022,0.296,0.0,0.0,0.156,0.23399999999999999,0.12,0.19,0.024,0.018,0.0,0.0,0.0
162,6.48,0.98,1,0.0,0.0,0.0,0.0,0.0,0.0,0.0,0.0,0.0,0.02,0.302,0.0,0.0,0.152,0.242,0.11599999999999999,0.186,0.016,0.018,0.0,0.0,0.0
163,6.52,0.98,1,0.0,0.0,0.0,0.0,0.0,0.0,0.0,0.0,0.0,0.016,0.282,0.0,0.0,0.148,0.23399999999999999,0.11399999999999999,0.184,0.012,0.016,0.0,0.0,0.0
164,6.56,0.98,1,0.0,0.0,0.0,0.0,0.0,0.0,0.0,0.0,0.0,0.014000000000000002,0.272,0.0,0.0,0.148,0.238,0.11200000000000002,0.188,0.016,0.02,0.0,0.0,0.0
165,6.6,0.98,1,0.0,0.0,0.0,0.0,0.0,0.0,0.0,0.0,0.0,0.012,0.272,0.0,0.0,0.142,0.22599999999999998,0.10200000000000001,0.19,0.03,0.02,0.002,0.0,0.0
166,6.64,0.98,1,0.0,0.0,0.0,0.0,0.0,0.0,0.0,0.0,0.0,0.014000000000000002,0.27599999999999997,0.0,0.0,0.132,0.22999999999999998,0.092,0.194,0.046,0.02,0.002,0.0,0.0
167,6.68,0.98,1,0.0,0.0,0.0,0.0,0.0,0.0,0.0,0.0,0.0,0.016,0.27999999999999997,0.0,0.0,0.124,0.22000000000000003,0.08,0.196,0.06,0.016,0.002,0.0,0.0
168,6.72,0.98,1,0.0,0.0,0.0,0.0,0.0,0.0,0.0,0.0,0.0,0.02,0.27999999999999997,0.0,0.0,0.118,0.22799999999999998,0.076,0.20800000000000002,0.06999999999999999,0.016,0.0,0.0,0.0
169,6.76,0.98,1,0.0,0.0,0.0,0.0,0.0,0.0,0.0,0.0,0.0,0.022,0.286,0.0,0.0,0.118,0.22400000000000003,0.064,0.20800000000000002,0.068,0.014000000000000002,0.0,0.0,0.0
170,6.8,0.98,1,0.0,0.0,0.0,0.0,0.0,0.0,0.0,0.0,0.0,0.024,0.288,0.0,0.0,0.11000000000000001,0.21200000000000002,0.05,0.20600000000000002,0.05,0.008,0.0,0.0,0.0
171,6.84,0.98,1,0.0,0.0,0.0,0.0,0.0,0.0,0.0,0.004,0.0,0.028000000000000004,0.286,0.0,0.0,0.096,0.192,0.026000000000000002,0.188,0.026000000000000002,0.004,0.0,0.008,0.0
172,6.88,0.98,1,0.0,0.0,0.0,0.0,0.0,0.0,0.0,0.012,0.0,0.022,0.27599999999999997,0.0,0.0,0.066,0.172,0.02,0.198,0.014000000000000002,0.0,0.014000000000000002,0.022,0.0
173,6.92,0.98,1,0.0,0.0,0.0,0.0,0.0,0.0,0.0,0.022,0.0,0.012,0.284,0.0,0.0,0.048,0.146,0.016,0.21000000000000002,0.032,0.0,0.054000000000000006,0.086,0.0
174,6.96,0.98,1,0.0,0.0,0.0,0.0,0.0,0.0,0.0,0.028000000000000004,0.0,0.002,0.268,0.004,0.0,0.034,0.10200000000000001,0.014000000000000002,0.22799999999999998,0.052000000000000005,0.0,0.124,0.18,0.0
175,7.0,0.98,1,0.0,0.0,0.0,0.0,0.0,0.0,0.0,0.046,0.0,0.0,0.264,0.014000000000000002,0.0,0.022,0.05,0.006,0.21800000000000003,0.05600000000000001,0.0,0.202,0.298,0.0
176,7.04,0.98,1,0.0,0.0,0.0,0.0,0.0,0.0,0.0,0.057999999999999996,0.0,0.0,0.248,0.024,0.0,0.01,0.014000000000000002,0.0,0.20600000000000002,0.04,0.0,0.286,0.404,0.0
177,7.08,0.98,1,0.0,0.0,0.0,0.0,0.0,0.0,0.0,0.076,0.0,0.0,0.27,0.024,0.0,0.0,0.0,0.0,0.198,0.02,0.0,0.33799999999999997,0.5,0.0
178,7.12,0.98,1,0.0,0.0,0.0,0.0,0.0,0.0,0.0,0.09,0.0,0.0,0.286,0.022,0.0,0.0,0.0,0.0,0.184,0.008,0.0,0.39,0.568,0.0
179,7.16,0.98,1,0.0,0.0,0.0,0.0,0.0,0.0,0.0,0.10800000000000001,0.0,0.0,0.316,0.024,0.0,0.0,0.0,0.0,0.142,0.0,0.0,0.422,0.626,0.0
180,7.2,0.98,1,0.0,0.0,0.0,0.0,0.0,0.0,0.0,0.13,0.0,0.0,0.312,0.026000000000000002,0.0,0.0,0.0,0.0,0.076,0.0,0.0,0.45999999999999996,0.67,0.0
181,7.24,0.98,1,0.0,0.0,0.0,0.0,0.0,0.0,0.0,0.15,0.0,0.0,0.32799999999999996,0.022,0.0,0.0,0.0,0.0,0.026000000000000002,0.0,0.0,0.466,0.6599999999999999,0.0
182,7.28,0.98,1,0.0,0.0,0.0,0.0,0.0,0.0,0.0,0.16799999999999998,0.0,0.004,0.344,0.012,0.0,0.0,0.0,0.0,0.0,0.0,0.0,0.42800000000000005,0.614,0.006
183,7.32,0.98,1,0.0,0.0,0.0,0.0,0.0,0.004,0.0,0.182,0.0,0.014000000000000002,0.364,0.006,0.0,0.0,0.0,0.0,0.0,0.0,0.0,0.40800000000000003,0.5559999999999999,0.006
184,7.36,0.98,1,0.0,0.0,0.0,0.0,0.0,0.018,0.0,0.194,0.0,0.026000000000000002,0.37,0.004,0.0,0.0,0.0,0.0,0.0,0.0,0.0,0.388,0.534,0.006
185,7.4,0.98,1,0.0,0.0,0.0,0.0,0.0,0.041999999999999996,0.0,0.21400000000000002,0.0,0.04,0.364,0.002,0.0,0.0,0.0,0.0,0.0,0.0,0.0,0.41200000000000003,0.528,0.006
186,7.44,0.98,1,0.0,0.0,0.0,0.0,0.0,0.057999999999999996,0.012,0.22999999999999998,0.0,0.044,0.356,0.002,0.004,0.0,0.0,0.0,0.0,0.0,0.0,0.45,0.512,0.008
187,7.48,0.98,1,0.0,0.0,0.0,0.0,0.0,0.064,0.018,0.248,0.004,0.052000000000000005,0.366,0.0,0.02,0.0,0.0,0.0,0.0,0.0,0.0,0.512,0.504,0.018
188,7.52,0.98,1,0.0,0.0,0.0,0.0,0.0,0.068,0.032,0.256,0.006,0.052000000000000005,0.372,0.0,0.036,0.0,0.0,0.0,0.0,0.0,0.0,0.5599999999999999,0.504,0.018
189,7.56,0.98,1,0.0,0.0,0.0,0.0,0.0,0.064,0.034,0.262,0.006,0.062,0.40199999999999997,0.0,0.041999999999999996,0.0,0.0,0.0,0.01,0.0,0.0,0.572,0.516,0.016
190,7.6,0.98,1,0.0,0.0,0.0,0.0,0.0,0.08199999999999999,0.052000000000000005,0.266,0.004,0.066,0.384,0.0,0.048,0.0,0.0,0.0,0.01,0.0,0.0,0.5700000000000001,0.548,0.006
191,7.64,0.98,1,0.0,0.0,0.0,0.0,0.0,0.072,0.046,0.27,0.0,0.06999999999999999,0.396,0.0,0.046,0.0,0.0,0.0,0.012,0.0,0.0,0.572,0.548,0.0
192,7.68,0.98,1,0.0,0.0,0.0,0.0,0.0,0.078,0.04,0.274,0.0,0.072,0.378,0.0,0.05,0.0,0.0,0.0,0.002,0.0,0.0,0.576,0.54,0.0
193,7.72,0.98,1,0.0,0.0,0.0,0.0,0.0,0.074,0.036,0.27999999999999997,0.002,0.072,0.394,0.0,0.05,0.0,0.0,0.0,0.002,0.0,0.0,0.58,0.54,0.0
194,7.76,0.98,1,0.0,0.0,0.0,0.0,0.0,0.08,0.054000000000000006,0.27999999999999997,0.002,0.074,0.4,0.0,0.04,0.0,0.0,0.0,0.004,0.0,0.0,0.5740000000000001,0.54,0.0
195,7.8,0.93,1,0.0,0.0,0.0,0.0,0.0,0.098,0.09,0.298,0.002,0.066,0.40599999999999997,0.0,0.038,0.0,0.0,0.0,0.004,0.0,0.0,0.6,0.564,0.016
196,7.84,0.93,1,0.0,0.0,0.0,0.0,0.0,0.10400000000000001,0.10200000000000001,0.294,0.01,0.064,0.396,0.0,0.038,0.0,0.0,0.0,0.004,0.0,0.0,0.608,0.568,0.02
197,7.88,0.98,1,0.0,0.0,0.0,0.0,0.0,0.10200000000000001,0.09,0.296,0.01,0.06,0.392,0.0,0.048,0.0,0.0,0.0,0.0,0.0,0.0,0.604,0.5700000000000001,0.02
198,7.92,0.98,1,0.0,0.0,0.0,0.0,0.0,0.08399999999999999,0.052000000000000005,0.284,0.024,0.064,0.40800000000000003,0.0,0.048,0.0,0.0,0.0,0.0,0.0,0.0,0.5820000000000001,0.5559999999999999,0.004
199,7.96,0.98,1,0.0,0.0,0.0,0.0,0.0,0.086,0.054000000000000006,0.306,0.014000000000000002,0.057999999999999996,0.4,0.0,0.05,0.0,0.0,0.0,0.008,0.0,0.0,0.584,0.5599999999999999,0.002
200,8.0,0.98,1,0.0,0.0,0.0,0.0,0.0,0.098,0.064,0.3,0.014000000000000002,0.06,0.39,0.0,0.046,0.0,0.0,0.0,0.008,0.0,0.0,0.5900000000000001,0.576,0.008
201,8.04,0.98,1,0.0,0.0,0.0,0.0,0.0,0.10800000000000001,0.08199999999999999,0.296,0.0,0.062,0.372,0.0,0.046,0.0,0.0,0.0,0.008,0.0,0.0,0.5820000000000001,0.5860000000000001,0.012
202,8.08,0.98,1,0.0,0.0,0.0,0.0,0.0,0.098,0.072,0.27999999999999997,0.0,0.068,0.414,0.0,0.034,0.0,0.0,0.0,0.0,0.0,0.0,0.564,0.5660000000000001,0.026000000000000002
203,8.12,0.98,1,0.0,0.0,0.0,0.0,0.0,0.094,0.057999999999999996,0.288,0.0,0.066,0.43200000000000005,0.0,0.041999999999999996,0.0,0.0,0.0,0.0,0.0,0.0,0.562,0.54,0.022
204,8.16,0.98,1,0.0,0.0,0.0,0.0,0.0,0.092,0.054000000000000006,0.294,0.0,0.068,0.44400000000000006,0.0,0.044,0.0,0.0,0.0,0.0,0.0,0.0,0.568,0.538,0.018
205,8.2,0.98,1,0.0,0.0,0.0,0.0,0.0,0.086,0.032,0.294,0.0,0.064,0.44800000000000006,0.0,0.052000000000000005,0.0,0.0,0.0,0.006,0.0,0.0,0.562,0.546,0.002
206,8.24,0.98,1,0.0,0.0,0.0,0.0,0.0,0.088,0.044,0.296,0.0,0.066,0.438,0.0,0.048,0.0,0.0,0.0,0.006,0.0,0.0,0.5820000000000001,0.5599999999999999,0.006
207,8.28,0.98,1,0.0,0.0,0.0,0.0,0.0,0.09,0.041999999999999996,0.284,0.0,0.062,0.454,0.0,0.046,0.0,0.0,0.0,0.006,0.0,0.0,0.5660000000000001,0.554,0.02
208,8.32,0.98,1,0.0,0.0,0.0,0.0,0.0,0.094,0.064,0.282,0.0,0.066,0.446,0.0,0.038,0.0,0.0,0.0,0.002,0.0,0.0,0.5780000000000001,0.5599999999999999,0.02
209,8.36,0.98,1,0.0,0.0,0.0,0.0,0.0,0.09,0.057999999999999996,0.27599999999999997,0.002,0.066,0.47000000000000003,0.0,0.038,0.0,0.0,0.0,0.002,0.0,0.0,0.55,0.562,0.014000000000000002
210,8.4,0.98,1,0.0,0.0,0.0,0.0,0.0,0.1,0.08399999999999999,0.308,0.002,0.066,0.47000000000000003,0.002,0.046,0.0,0.0,0.0,0.006,0.0,0.0,0.5740000000000001,0.5900000000000001,0.0
211,8.44,0.93,1,0.0,0.0,0.0,0.0,0.0,0.086,0.06,0.31,0.002,0.068,0.47800000000000004,0.006,0.05600000000000001,0.0,0.0,0.0,0.004,0.0,0.0,0.568,0.618,0.006
212,8.48,0.98,1,0.0,0.0,0.0,0.0,0.0,0.076,0.062,0.3,0.004,0.064,0.46399999999999997,0.006,0.052000000000000005,0.0,0.0,0.0,0.006,0.0,0.0,0.584,0.632,0.01
213,8.52,0.98,1,0.0,0.0,0.0,0.0,0.0,0.052000000000000005,0.034,0.27,0.004,0.068,0.462,0.004,0.046,0.0,0.0,0.0,0.0,0.0,0.0,0.5780000000000001,0.612,0.01
214,8.56,0.98,1,0.0,0.0,0.0,0.0,0.0,0.066,0.062,0.29,0.004,0.057999999999999996,0.45999999999999996,0.0,0.044,0.0,0.0,0.0,0.012,0.0,0.0,0.592,0.602,0.004
215,8.6,0.93,1,0.0,0.0,0.0,0.0,0.0,0.05600000000000001,0.046,0.292,0.0,0.062,0.45599999999999996,0.002,0.041999999999999996,0.0,0.0,0.0,0.012,0.0,0.0,0.588,0.622,0.0
216,8.64,0.98,1,0.0,0.0,0.0,0.0,0.0,0.044,0.028000000000000004,0.29,0.01,0.052000000000000005,0.45999999999999996,0.002,0.026000000000000002,0.0,0.0,0.0,0.012,0.0,0.0,0.5780000000000001,0.636,0.002
217,8.68,0.98,1,0.0,0.0,0.0,0.0,0.0,0.026000000000000002,0.0,0.26,0.01,0.046,0.45599999999999996,0.002,0.01,0.0,0.0,0.0,0.0,0.0,0.0,0.534,0.63,0.002
218,8.72,0.98,1,0.0,0.0,0.0,0.0,0.0,0.032,0.0,0.258,0.022,0.032,0.458,0.0,0.0,0.0,0.0,0.0,0.0,0.0,0.0,0.49000000000000005,0.606,0.002
219,8.76,0.98,1,0.0,0.0,0.0,0.0,0.0,0.041999999999999996,0.0,0.236,0.012,0.024,0.454,0.0,0.0,0.0,0.0,0.0,0.0,0.0,0.0,0.458,0.604,0.0
220,8.8,0.98,1,0.0,0.0,0.0,0.0,0.0,0.04,0.0,0.21400000000000002,0.012,0.016,0.438,0.01,0.0,0.0,0.0,0.0,0.0,0.0,0.0,0.45,0.622,0.0
221,8.84,0.98,1,0.0,0.0,0.0,0.0,0.0,0.028000000000000004,0.0,0.178,0.0,0.008,0.41600000000000004,0.02,0.0,0.0,0.0,0.0,0.022,0.0,0.0,0.454,0.65,0.0
222,8.88,0.98,1,0.0,0.0,0.0,0.0,0.0,0.014000000000000002,0.0,0.146,0.0,0.0,0.362,0.036,0.0,0.0,0.0,0.0,0.066,0.0,0.0,0.438,0.67,0.0
223,8.92,0.98,1,0.0,0.0,0.0,0.0,0.0,0.0,0.0,0.10600000000000001,0.0,0.0,0.33399999999999996,0.041999999999999996,0.0,0.0,0.0,0.0,0.11200000000000002,0.0,0.0,0.404,0.654,0.0
224,8.96,0.98,1,0.0,0.0,0.0,0.0,0.0,0.0,0.0,0.06999999999999999,0.0,0.0,0.314,0.054000000000000006,0.0,0.0,0.0,0.0,0.148,0.0,0.0,0.368,0.618,0.0
225,9.0,0.98,1,0.0,0.0,0.0,0.0,0.0,0.0,0.0,0.038,0.0,0.0,0.322,0.054000000000000006,0.0,0.0,0.0,0.0,0.174,0.0,0.0,0.31,0.55,0.0
226,9.04,0.98,1,0.0,0.0,0.0,0.0,0.0,0.0,0.0,0.034,0.0,0.0,0.304,0.057999999999999996,0.0,0.0,0.0,0.0,0.188,0.006,0.0,0.256,0.47400000000000003,0.0
227,9.08,0.98,1,0.0,0.0,0.0,0.0,0.0,0.0,0.0,0.022,0.0,0.0,0.304,0.044,0.0,0.002,0.014000000000000002,0.004,0.20400000000000001,0.006,0.0,0.19,0.404,0.0
228,9.12,0.98,1,0.0,0.0,0.0,0.0,0.0,0.0,0.0,0.018,0.0,0.0,0.294,0.03,0.0,0.012,0.048,0.022,0.196,0.006,0.0,0.13799999999999998,0.32999999999999996,0.0
229,9.16,0.98,1,0.0,0.0,0.0,0.0,0.0,0.0,0.0,0.0,0.0,0.002,0.304,0.01,0.0,0.034,0.086,0.05,0.198,0.0,0.0,0.086,0.254,0.0
230,9.2,0.98,1,0.0,0.0,0.0,0.0,0.0,0.0,0.0,0.0,0.0,0.004,0.294,0.002,0.0,0.057999999999999996,0.13799999999999998,0.052000000000000005,0.198,0.004,0.002,0.041999999999999996,0.162,0.0
231,9.24,0.98,1,0.0,0.0,0.0,0.0,0.0,0.0,0.0,0.0,0.0,0.006,0.288,0.0,0.0,0.08,0.184,0.064,0.192,0.004,0.006,0.012,0.08399999999999999,0.0
232,9.28,0.98,1,0.0,0.0,0.0,0.0,0.0,0.0,0.0,0.0,0.0,0.008,0.27799999999999997,0.0,0.0,0.11399999999999999,0.21200000000000002,0.076,0.194,0.006,0.02,0.0,0.036,0.0
233,9.32,0.98,1,0.0,0.0,0.0,0.0,0.0,0.0,0.0,0.0,0.0,0.008,0.27799999999999997,0.0,0.0,0.13999999999999999,0.21800000000000003,0.096,0.184,0.004,0.032,0.0,0.016,0.0
234,9.36,0.98,1,0.0,0.0,0.0,0.0,0.0,0.0,0.0,0.0,0.0,0.01,0.27999999999999997,0.0,0.0,0.156,0.202,0.096,0.184,0.008,0.041999999999999996,0.0,0.012,0.0
235,9.4,0.98,1,0.0,0.0,0.0,0.0,0.0,0.0,0.0,0.0,0.0,0.01,0.274,0.0,0.0,0.152,0.21200000000000002,0.096,0.18,0.012,0.044,0.0,0.006,0.0
236,9.44,0.98,1,0.0,0.0,0.0,0.0,0.0,0.0,0.0,0.0,0.0,0.016,0.282,0.0,0.0,0.152,0.21000000000000002,0.10400000000000001,0.178,0.008,0.046,0.0,0.0,0.0
237,9.48,0.98,1,0.0,0.0,0.0,0.0,0.0,0.0,0.0,0.0,0.0,0.02,0.284,0.0,0.0,0.156,0.21800000000000003,0.11399999999999999,0.19,0.008,0.044,0.0,0.0,0.0
238,9.52,0.98,1,0.0,0.0,0.0,0.0,0.0,0.0,0.0,0.0,0.0,0.024,0.29,0.0,0.0,0.16599999999999998,0.20600000000000002,0.11399999999999999,0.192,0.004,0.041999999999999996,0.0,0.0,0.0
239,9.56,0.98,1,0.0,0.0,0.0,0.0,0.0,0.0,0.0,0.0,0.0,0.026000000000000002,0.27599999999999997,0.0,0.0,0.16999999999999998,0.198,0.12,0.188,0.012,0.038,0.0,0.0,0.0
240,9.6,0.98,1,0.0,0.0,0.0,0.0,0.0,0.0,0.0,0.0,0.0,0.02,0.27799999999999997,0.0,0.0,0.16999999999999998,0.188,0.12,0.18,0.018,0.036,0.0,0.0,0.0
241,9.64,0.98,1,0.0,0.0,0.0,0.0,0.0,0.0,0.0,0.0,0.0,0.018,0.286,0.0,0.0,0.16399999999999998,0.186,0.10600000000000001,0.186,0.026000000000000002,0.034,0.0,0.0,0.0
242,9.68,0.98,1,0.0,0.0,0.0,0.0,0.0,0.0,0.0,0.0,0.0,0.016,0.292,0.0,0.0,0.158,0.178,0.092,0.19,0.03,0.032,0.0,0.0,0.0
243,9.72,0.98,1,0.0,0.0,0.0,0.0,0.0,0.0,0.0,0.0,0.0,0.022,0.292,0.0,0.0,0.154,0.174,0.092,0.186,0.036,0.034,0.0,0.0,0.0
244,9.76,0.98,1,0.0,0.0,0.0,0.0,0.0,0.0,0.0,0.0,0.0,0.02,0.296,0.0,0.0,0.152,0.16599999999999998,0.09,0.178,0.034,0.032,0.0,0.0,0.0
245,9.8,0.98,1,0.0,0.0,0.0,0.0,0.0,0.0,0.0,0.0,0.0,0.02,0.296,0.0,0.0,0.154,0.174,0.094,0.174,0.032,0.032,0.0,0.0,0.0
246,9.84,0.98,1,0.0,0.0,0.0,0.0,0.0,0.0,0.0,0.0,0.0,0.012,0.296,0.0,0.0,0.158,0.178,0.092,0.16999999999999998,0.024,0.03,0.0,0.0,0.0
247,9.88,0.98,1,0.0,0.0,0.0,0.0,0.0,0.0,0.0,0.0,0.0,0.012,0.292,0.0,0.0,0.16,0.19,0.096,0.16599999999999998,0.02,0.03,0.0,0.0,0.0
248,9.92,0.98,1,0.0,0.0,0.0,0.0,0.0,0.0,0.0,0.0,0.0,0.01,0.294,0.0,0.0,0.158,0.2,0.094,0.16799999999999998,0.012,0.028000000000000004,0.0,0.0,0.0
249,9.96,0.98,1,0.0,0.0,0.0,0.0,0.0,0.0,0.0,0.0,0.0,0.02,0.302,0.0,0.0,0.158,0.2,0.096,0.172,0.004,0.032,0.0,0.0,0.0
250,10.0,0.98,1,0.0,0.0,0.0,0.0,0.0,0.0,0.0,0.0,0.0,0.024,0.308,0.0,0.0,0.158,0.2,0.1,0.18,0.0,0.036,0.0,0.0,0.0
251,10.04,0.98,1,0.0,0.0,0.0,0.0,0.0,0.0,0.0,0.0,0.0,0.028000000000000004,0.32,0.0,0.0,0.16,0.196,0.10600000000000001,0.186,0.0,0.038,0.0,0.0,0.0
252,10.08,0.98,1,0.0,0.0,0.0,0.0,0.0,0.0,0.0,0.0,0.0,0.028000000000000004,0.322,0.0,0.0,0.158,0.198,0.10800000000000001,0.186,0.0,0.038,0.0,0.0,0.0
253,10.12,0.98,1,0.0,0.0,0.0,0.0,0.0,0.0,0.0,0.0,0.0,0.026000000000000002,0.324,0.0,0.0,0.158,0.194,0.10600000000000001,0.186,0.0,0.038,0.0,0.0,0.0
254,10.16,0.98,1,0.0,0.0,0.0,0.0,0.0,0.0,0.0,0.0,0.0,0.024,0.32,0.0,0.0,0.156,0.188,0.10800000000000001,0.188,0.0,0.04,0.0,0.0,0.0
